decision,decision_reason,source_name,canonical_scientific_name,authorship,input_name,raw_plant_id,canonical_lookup_key,source_row_count,query_status,http_status,error_message,matched_name,accepted_name,rank,taxonomic_status,match_type,confidence,gbif_usage_key,gbif_accepted_usage_key,gbif_species_key,gbif_genus_key,gbif_family_key,gbif_kingdom_key,family_name,cache_key,cache_path
review,Needs review because match_type='HIGHERRANK' with confidence=96 is plausible but not strong enough for automatic acceptance.,KNApSAcK World,Begonia L.,L.,Begonia sp.,67,begonia sp,1,ok,200,,Begonia L.,Begonia L.,GENUS,ACCEPTED,HIGHERRANK,96,2874710,2874710,,2874710,6638,6,Begoniaceae,9daa751e1d2a4bb3d1685fbeaf54ef64a7debfc69ea4b02e7679479929879298,C:\code\web\herbaflow\etl\plants\03_match_gbif\out\cache\9daa751e1d2a4bb3d1685fbeaf54ef64a7debfc69ea4b02e7679479929879298.json
review,Needs review because match_type='HIGHERRANK' with confidence=99 is plausible but not strong enough for automatic acceptance.,KNApSAcK World,Fabaceae,,Caesalpinia crista,83,caesalpinia crista,1,ok,200,,Fabaceae,Fabaceae,FAMILY,ACCEPTED,HIGHERRANK,99,5386,5386,,,5386,6,Fabaceae,1049b13e60e7680df2a285a39d0d9d8a4e9f30e4e9f44c8cf6e52157bd093b8d,C:\code\web\herbaflow\etl\plants\03_match_gbif\out\cache\1049b13e60e7680df2a285a39d0d9d8a4e9f30e4e9f44c8cf6e52157bd093b8d.json
review,Needs review because match_type='HIGHERRANK' with confidence=99 is plausible but not strong enough for automatic acceptance.,KNApSAcK World,Canarium L.,L.,Canarium commune,93,canarium commune,1,ok,200,,Canarium L.,Canarium L.,GENUS,ACCEPTED,HIGHERRANK,99,3190431,3190431,,3190431,6659,6,Burseraceae,5a0b8e9e15109210078dc74305ef4d7defd0c6d1fc30d3c10adddc5446d2d1b2,C:\code\web\herbaflow\etl\plants\03_match_gbif\out\cache\5a0b8e9e15109210078dc74305ef4d7defd0c6d1fc30d3c10adddc5446d2d1b2.json
review,Needs review because match_type='HIGHERRANK' with confidence=99 is plausible but not strong enough for automatic acceptance.,KNApSAcK World,Lauraceae,,Cinnamomum cassia,120,cinnamomum cassia,1,ok,200,,Lauraceae,Lauraceae,FAMILY,ACCEPTED,HIGHERRANK,99,6688,6688,,,6688,6,Lauraceae,5c849b4fb640e3beac259ef6a008886712311559fa8ecbf96544af1dc628eb0c,C:\code\web\herbaflow\etl\plants\03_match_gbif\out\cache\5c849b4fb640e3beac259ef6a008886712311559fa8ecbf96544af1dc628eb0c.json
review,Needs review because match_type='HIGHERRANK' with confidence=99 is plausible but not strong enough for automatic acceptance.,KNApSAcK World,Citrus L.,L.,Citrus nobilis,130,citrus nobilis,1,ok,200,,Citrus L.,Citrus L.,GENUS,ACCEPTED,HIGHERRANK,99,3190155,3190155,,3190155,2396,6,Rutaceae,61bb2384f69dcb18b51aeedfdf2fcbe29da2e8cad4242179aa83ff38dff7320a,C:\code\web\herbaflow\etl\plants\03_match_gbif\out\cache\61bb2384f69dcb18b51aeedfdf2fcbe29da2e8cad4242179aa83ff38dff7320a.json
review,Needs review because match_type='HIGHERRANK' with confidence=99 is plausible but not strong enough for automatic acceptance.,KNApSAcK World,Tarenaya Raf.,Raf.,Cleome spinosa,132,cleome spinosa,1,ok,200,,Tarenaya Raf.,Tarenaya Raf.,GENUS,ACCEPTED,HIGHERRANK,99,6370691,6370691,,6370691,3845332,6,Cleomaceae,a76907da3598a440cfbeb07b278650bf577506280de7d08f457985cef47fc4fb,C:\code\web\herbaflow\etl\plants\03_match_gbif\out\cache\a76907da3598a440cfbeb07b278650bf577506280de7d08f457985cef47fc4fb.json
review,Needs review because match_type='HIGHERRANK' with confidence=96 is plausible but not strong enough for automatic acceptance.,KNApSAcK World,Clerodendrum L.,L.,Clerodendron serratum,133,clerodendron serratum,1,ok,200,,Clerodendron,Clerodendrum L.,GENUS,SYNONYM,HIGHERRANK,96,7449216,2925347,,2925347,2497,6,Lamiaceae,95eeacfb68229c5429f0bfab65654229c3b52637f2f119944b9ab0abfa737826,C:\code\web\herbaflow\etl\plants\03_match_gbif\out\cache\95eeacfb68229c5429f0bfab65654229c3b52637f2f119944b9ab0abfa737826.json
review,Needs review because match_type='HIGHERRANK' with confidence=99 is plausible but not strong enough for automatic acceptance.,KNApSAcK World,Coleus Lour.,Lour.,Coleus carnosus,144,coleus carnosus,1,ok,200,,Coleus Lour.,Coleus Lour.,GENUS,ACCEPTED,HIGHERRANK,99,2927310,2927310,,2927310,2497,6,Lamiaceae,c11913e2fc5b2a9ea2e4135e4751570ce65fecc4779db4ee9bb7757c96960dcf,C:\code\web\herbaflow\etl\plants\03_match_gbif\out\cache\c11913e2fc5b2a9ea2e4135e4751570ce65fecc4779db4ee9bb7757c96960dcf.json
review,Needs review because match_type='HIGHERRANK' with confidence=99 is plausible but not strong enough for automatic acceptance.,KNApSAcK World,Fabaceae,,Derris scandens,175,derris scandens,1,ok,200,,Fabaceae,Fabaceae,FAMILY,ACCEPTED,HIGHERRANK,99,5386,5386,,,5386,6,Fabaceae,e03c99294e3ebeec4089fcfbd8e931a962b61132420b4b3800e20091fc9135fc,C:\code\web\herbaflow\etl\plants\03_match_gbif\out\cache\e03c99294e3ebeec4089fcfbd8e931a962b61132420b4b3800e20091fc9135fc.json
review,Needs review because match_type='HIGHERRANK' with confidence=99 is plausible but not strong enough for automatic acceptance.,KNApSAcK World,Fabaceae,,Desmodium pulchellum,178,desmodium pulchellum,1,ok,200,,Fabaceae,Fabaceae,FAMILY,ACCEPTED,HIGHERRANK,99,5386,5386,,,5386,6,Fabaceae,d6f2a2607cda23b2a29abfd7975e028fc391babfbf138e01b517f1f52a06e994,C:\code\web\herbaflow\etl\plants\03_match_gbif\out\cache\d6f2a2607cda23b2a29abfd7975e028fc391babfbf138e01b517f1f52a06e994.json
review,Needs review because match_type='HIGHERRANK' with confidence=99 is plausible but not strong enough for automatic acceptance.,KNApSAcK World,Grona Lour.,Lour.,Desmodium triflorum,180,desmodium triflorum,1,ok,200,,Grona Lour.,Grona Lour.,GENUS,ACCEPTED,HIGHERRANK,99,9615544,9615544,,9615544,5386,6,Fabaceae,0f569ce7cab1fab750f496d572e6bd952ba9801518589de4c733e47c9dc3aecc,C:\code\web\herbaflow\etl\plants\03_match_gbif\out\cache\0f569ce7cab1fab750f496d572e6bd952ba9801518589de4c733e47c9dc3aecc.json
review,Needs review because match_type='HIGHERRANK' with confidence=96 is plausible but not strong enough for automatic acceptance.,KNApSAcK World,Echinacea Moench,Moench,Echinacea spp.,190,echinacea spp,1,ok,200,,Echinacea Moench,Echinacea Moench,GENUS,ACCEPTED,HIGHERRANK,96,3150914,3150914,,3150914,3065,6,Asteraceae,c4467e1513aad51aa02b8a7d3d9200107f9975296c448dbdb824ebe5fa550bcd,C:\code\web\herbaflow\etl\plants\03_match_gbif\out\cache\c4467e1513aad51aa02b8a7d3d9200107f9975296c448dbdb824ebe5fa550bcd.json
review,Needs review because match_type='HIGHERRANK' with confidence=99 is plausible but not strong enough for automatic acceptance.,KNApSAcK World,Elaeocarpus L.,L.,Elaeocarpus ganitrus,194,elaeocarpus ganitrus,1,ok,200,,Elaeocarpus L.,Elaeocarpus L.,GENUS,ACCEPTED,HIGHERRANK,99,3152094,3152094,,3152094,2435,6,Elaeocarpaceae,35d30404a0286c59f390504b5505613c9ba93cf66c517675c06ccba6f7b3ba86,C:\code\web\herbaflow\etl\plants\03_match_gbif\out\cache\35d30404a0286c59f390504b5505613c9ba93cf66c517675c06ccba6f7b3ba86.json
review,Needs review because match_type='HIGHERRANK' with confidence=99 is plausible but not strong enough for automatic acceptance.,KNApSAcK World,Rubiaceae,,Hedyotis corymbosa,253,hedyotis corymbosa,1,ok,200,,Rubiaceae,Rubiaceae,FAMILY,ACCEPTED,HIGHERRANK,99,8798,8798,,,8798,6,Rubiaceae,8734d716994959cb8f3ea5074e9017333de75073ebfdc0bacecb49c6272d73f2,C:\code\web\herbaflow\etl\plants\03_match_gbif\out\cache\8734d716994959cb8f3ea5074e9017333de75073ebfdc0bacecb49c6272d73f2.json
review,Needs review because match_type='HIGHERRANK' with confidence=99 is plausible but not strong enough for automatic acceptance.,KNApSAcK World,Convolvulaceae,,Ipomoea reptans,279,ipomoea reptans,1,ok,200,,Convolvulaceae,Convolvulaceae,FAMILY,ACCEPTED,HIGHERRANK,99,2389,2389,,,2389,6,Convolvulaceae,ff29754ab623201a7b4ca76182517d4c8ca38592b205a6d259e8bb138baf7260,C:\code\web\herbaflow\etl\plants\03_match_gbif\out\cache\ff29754ab623201a7b4ca76182517d4c8ca38592b205a6d259e8bb138baf7260.json
review,Needs review because match_type='HIGHERRANK' with confidence=95 is plausible but not strong enough for automatic acceptance.,KNApSAcK World,Ipomoea L.,L.,Ipomoea sp.,280,ipomoea sp,1,ok,200,,Ipomoea L.,Ipomoea L.,GENUS,ACCEPTED,HIGHERRANK,95,2928509,2928509,,2928509,2389,6,Convolvulaceae,a9b5132d1ffeaf211374b0e2b82a652693279e20481c1b0c43e39bf2c6c5bf72,C:\code\web\herbaflow\etl\plants\03_match_gbif\out\cache\a9b5132d1ffeaf211374b0e2b82a652693279e20481c1b0c43e39bf2c6c5bf72.json
review,Needs review because match_type='HIGHERRANK' with confidence=96 is plausible but not strong enough for automatic acceptance.,KNApSAcK World,Juniperus L.,L.,Juniperus sp.,290,juniperus sp,1,ok,200,,Juniperus L.,Juniperus L.,GENUS,ACCEPTED,HIGHERRANK,96,2684359,2684359,,2684359,8144,6,Cupressaceae,ec893af48df8059361089c12ac5b7585dc8bd0c4ae6989797350e459e97760d9,C:\code\web\herbaflow\etl\plants\03_match_gbif\out\cache\ec893af48df8059361089c12ac5b7585dc8bd0c4ae6989797350e459e97760d9.json
review,Needs review because match_type='HIGHERRANK' with confidence=99 is plausible but not strong enough for automatic acceptance.,KNApSAcK World,Cyperaceae,,Kyllinga brevifolia,295,kyllinga brevifolia,1,ok,200,,Cyperaceae,Cyperaceae,FAMILY,ACCEPTED,HIGHERRANK,99,7708,7708,,,7708,6,Cyperaceae,033eec2c1406acebd7ba75061118a0864e9132bac0efa6dc805c8ba3da5ea374,C:\code\web\herbaflow\etl\plants\03_match_gbif\out\cache\033eec2c1406acebd7ba75061118a0864e9132bac0efa6dc805c8ba3da5ea374.json
review,Needs review because match_type='HIGHERRANK' with confidence=99 is plausible but not strong enough for automatic acceptance.,KNApSAcK World,Campanulaceae,,Laurentia longiflora,302,laurentia longiflora,1,ok,200,,Campanulaceae,Campanulaceae,FAMILY,ACCEPTED,HIGHERRANK,99,8801,8801,,,8801,6,Campanulaceae,4a9a385cd4e9da1dea00bca503c41fc45572a37ddbb13a062ea9dbf93b55332e,C:\code\web\herbaflow\etl\plants\03_match_gbif\out\cache\4a9a385cd4e9da1dea00bca503c41fc45572a37ddbb13a062ea9dbf93b55332e.json
review,Needs review because match_type='HIGHERRANK' with confidence=98 is plausible but not strong enough for automatic acceptance.,KNApSAcK World,Cucurbitaceae,,Luffa cylindrica,313,luffa cylindrica,1,ok,200,,Cucurbitaceae,Cucurbitaceae,FAMILY,ACCEPTED,HIGHERRANK,98,6634,6634,,,6634,6,Cucurbitaceae,ff9c18bac765e10f9bd654b2b8b1d22a8a39f21fc09970b854390898f37a9a47,C:\code\web\herbaflow\etl\plants\03_match_gbif\out\cache\ff9c18bac765e10f9bd654b2b8b1d22a8a39f21fc09970b854390898f37a9a47.json
review,Needs review because match_type='HIGHERRANK' with confidence=96 is plausible but not strong enough for automatic acceptance.,KNApSAcK World,Melaleuca L.,L.,Melaleuca leucadendron,322,melaleuca leucadendron,1,ok,200,,Melaleuca L.,Melaleuca L.,GENUS,ACCEPTED,HIGHERRANK,96,3175449,3175449,,3175449,5014,6,Myrtaceae,baae8e94e0bfcf626fd48943f3cdb310db01b9cc9fd610848a868a43a4210a0e,C:\code\web\herbaflow\etl\plants\03_match_gbif\out\cache\baae8e94e0bfcf626fd48943f3cdb310db01b9cc9fd610848a868a43a4210a0e.json
review,Needs review because match_type='HIGHERRANK' with confidence=99 is plausible but not strong enough for automatic acceptance.,KNApSAcK World,Lamiaceae,,Orthosiphon spicatus,363,orthosiphon spicatus,1,ok,200,,Lamiaceae,Lamiaceae,FAMILY,ACCEPTED,HIGHERRANK,99,2497,2497,,,2497,6,Lamiaceae,5a15912acac1dd39061c708a6764af564b920f46003170782d1c1d6671fe3a8d,C:\code\web\herbaflow\etl\plants\03_match_gbif\out\cache\5a15912acac1dd39061c708a6764af564b920f46003170782d1c1d6671fe3a8d.json
review,Needs review because match_type='HIGHERRANK' with confidence=99 is plausible but not strong enough for automatic acceptance.,KNApSAcK World,Vigna Savi,Savi,Phaseolus radiatus,384,phaseolus radiatus,1,ok,200,,Vigna Savi,Vigna Savi,GENUS,ACCEPTED,HIGHERRANK,99,2982372,2982372,,2982372,5386,6,Fabaceae,8f9f70ba7102b629e7370d6506674b34a3c5d29b71fffa33cb37162dc92d7da4,C:\code\web\herbaflow\etl\plants\03_match_gbif\out\cache\8f9f70ba7102b629e7370d6506674b34a3c5d29b71fffa33cb37162dc92d7da4.json
review,Needs review because match_type='HIGHERRANK' with confidence=99 is plausible but not strong enough for automatic acceptance.,KNApSAcK World,Piperaceae,,Piper methysticum,398,piper methysticum,1,ok,200,,Piperaceae,Piperaceae,FAMILY,ACCEPTED,HIGHERRANK,99,6678,6678,,,6678,6,Piperaceae,c3d410f78e51b1d92a1f7fb05c5dbfd2d16dbed60f026ac5d74970a869feb177,C:\code\web\herbaflow\etl\plants\03_match_gbif\out\cache\c3d410f78e51b1d92a1f7fb05c5dbfd2d16dbed60f026ac5d74970a869feb177.json
review,Needs review because match_type='HIGHERRANK' with confidence=99 is plausible but not strong enough for automatic acceptance.,KNApSAcK World,Malus Mill.,Mill.,Pyrus malus,420,pyrus malus,1,ok,200,,Malus Mill.,Malus Mill.,GENUS,ACCEPTED,HIGHERRANK,99,3001068,3001068,,3001068,5015,6,Rosaceae,0fccff34cff7d34c7c8c30ff4e0db6c31d05c057dca2350a15cb337c40e9b630,C:\code\web\herbaflow\etl\plants\03_match_gbif\out\cache\0fccff34cff7d34c7c8c30ff4e0db6c31d05c057dca2350a15cb337c40e9b630.json
review,Needs review because match_type='HIGHERRANK' with confidence=99 is plausible but not strong enough for automatic acceptance.,KNApSAcK World,Combretum Loefl.,Loefl.,Quisqualis indica,423,quisqualis indica,1,ok,200,,Combretum Loefl.,Combretum Loefl.,GENUS,ACCEPTED,HIGHERRANK,99,2986357,2986357,,2986357,2431,6,Combretaceae,94a97f505cd3c9fc18a72d54a5ea23f67cfa1acceceeee96b65c6ae982871824,C:\code\web\herbaflow\etl\plants\03_match_gbif\out\cache\94a97f505cd3c9fc18a72d54a5ea23f67cfa1acceceeee96b65c6ae982871824.json
review,Needs review because match_type='VARIANT' with confidence=88 is plausible but not strong enough for automatic acceptance.,KNApSAcK World,Rauvolfia serpentina (L.) Benth. ex Kurz,(L.) Benth. ex Kurz,Rauwolfia serpentina,429,rauwolfia serpentina,1,ok,200,,Rauvolfia serpentina (L.) Benth. ex Kurz,Rauvolfia serpentina (L.) Benth. ex Kurz,SPECIES,ACCEPTED,VARIANT,88,3169787,3169787,3169787,3169769,6701,6,Apocynaceae,4817b0e741f59f0c6f3e414f7d8f8da6b09b5e0a341d821a8ba7e7ac8b02237f,C:\code\web\herbaflow\etl\plants\03_match_gbif\out\cache\4817b0e741f59f0c6f3e414f7d8f8da6b09b5e0a341d821a8ba7e7ac8b02237f.json
review,Needs review because match_type='HIGHERRANK' with confidence=99 is plausible but not strong enough for automatic acceptance.,KNApSAcK World,Solanum L.,L.,Solanum indicum,462,solanum indicum,1,ok,200,,Solanum L.,Solanum L.,GENUS,ACCEPTED,HIGHERRANK,99,2928997,2928997,,2928997,7717,6,Solanaceae,f98266fcf1a1c34086493002f77128320bb026e52e98d77ad82d4489c7c69413,C:\code\web\herbaflow\etl\plants\03_match_gbif\out\cache\f98266fcf1a1c34086493002f77128320bb026e52e98d77ad82d4489c7c69413.json
review,Needs review because match_type='HIGHERRANK' with confidence=99 is plausible but not strong enough for automatic acceptance.,KNApSAcK World,Strychnos L.,L.,Strychnos ligustrina,479,strychnos ligustrina,1,ok,200,,Strychnos L.,Strychnos L.,GENUS,ACCEPTED,HIGHERRANK,99,3169589,3169589,,3169589,2502,6,Loganiaceae,afa636918d95a4fc8ef5ee7703e2f2d4f1807a26f4eda5e5eb5a3d0b233fd00a,C:\code\web\herbaflow\etl\plants\03_match_gbif\out\cache\afa636918d95a4fc8ef5ee7703e2f2d4f1807a26f4eda5e5eb5a3d0b233fd00a.json
review,Needs review because match_type='HIGHERRANK' with confidence=99 is plausible but not strong enough for automatic acceptance.,KNApSAcK World,Uncaria Schreb.,Schreb.,Uncaria ferrea,514,uncaria ferrea,1,ok,200,,Uncaria Schreb.,Uncaria Schreb.,GENUS,ACCEPTED,HIGHERRANK,99,2906635,2906635,,2906635,8798,6,Rubiaceae,a94cca6ac9c9b9d47d2637eb54743728e96e39382ed7dac081eba4416f8c946b,C:\code\web\herbaflow\etl\plants\03_match_gbif\out\cache\a94cca6ac9c9b9d47d2637eb54743728e96e39382ed7dac081eba4416f8c946b.json
review,Needs review because match_type='HIGHERRANK' with confidence=99 is plausible but not strong enough for automatic acceptance.,KNApSAcK World,Zingiber Mill.,Mill.,Zingiber aromaticum,531,zingiber aromaticum,1,ok,200,,Zingiber Mill.,Zingiber Mill.,GENUS,ACCEPTED,HIGHERRANK,99,2756693,2756693,,2756693,4687,6,Zingiberaceae,0ab08d09967fc03e886d3a7583cb8dcf5bf9142fe5cc8d98b01f9ddc06e58092,C:\code\web\herbaflow\etl\plants\03_match_gbif\out\cache\0ab08d09967fc03e886d3a7583cb8dcf5bf9142fe5cc8d98b01f9ddc06e58092.json
