disease_key,query_key,ontology_id,ontology_source,standardized_name,ontology_description,ontology_synonyms,ontology_confidence,ontology_match_method,retrieved_at
obesity,obesity,DOID_9970,Disease Ontology,obesity,"An overnutrition that is characterized by excess body fat, traditionally defined as an elevated ratio of weight to height (specifically 30 kilograms per meter squared), has_material_basis_in a multifactorial etiology related to excess nutrition intake, decreased caloric utilization, and genetic susceptibility, and possibly medications and certain disorders of metabolism, endocrine function, and mental illness.",,0.9,online_exact,2026-06-02T16:39:33+00:00
osteoarthritis,osteoarthritis,DOID_8398,Disease Ontology,osteoarthritis,An arthritis that has_material_basis_in worn out cartilage located_in joint.,Osteoarthrosis and allied disorder; degenerative arthritis; degenerative joint disease; hypertrophic arthritis; osteoarthrosis,0.9,online_exact,2026-06-02T16:39:33+00:00
copd,chronic_obstructive_pulmonary_disease,DOID_3083,Disease Ontology,chronic obstructive pulmonary disease,"An obstructive lung disease that is a chronic and progressive disorder of small airways in the lungs and that is characterized by irreversible airflow obstruction, typically identified by reductions in quantitative spirometric indices, induced forced expiratory volume at 1 second (FEV1) and the ratio of FEV1 to forced vital capacity (less than 0.7 is diagnostic of COPD). Lung volume is increased and pulmonary hypertension may occur. The pathologic changes result in the disruption of the airflow in the bronchial airways. Signs and symptoms include shortness of breath, wheezing, productive cough and chest tightness. COPD is a consequence (an end result) of chronic bronchitis, emphysema or both.",chronic obstructive airway disease; chronic obstructive lung disease; COLD; COPD,0.9,online_exact,2026-06-02T16:39:38+00:00
masld,metabolic_dysfunction_associated_steatotic_liver_disease,DOID_0080208,Disease Ontology,metabolic dysfunction-associated steatotic liver disease,"A steatotic liver disease characterized by at least one of five specified cardiometabolic risk factors and no other discernible cause with normal to no alcohol use. The five cardiometabolic risk factors are: (1) higher than normal body mass index or waist circumference; (2) higher than normal serum glucose or glycated hemoglobin level, or type 2 diabetes; (3) higher than normal blood pressure or hypertensive treatment; (4) higher than normal plasma triglycerides or lipid lowering treatment; and (5) lower than normal plasma high-density lipoprotein cholesterol.",metabolic dysfunction-associated fatty liver disease; metabolic dysfunction-related steatotic liver disease; metabolic-associated fatty liver disease; non-alcoholic fatty liver disease; nonalcoholic fatty liver disease; MAFLD; MASLD; NAFLD,0.9,online_exact,2026-06-02T16:39:40+00:00
type_2_diabetes_mellitus,type_2_diabetes_mellitus,DOID_9352,Disease Ontology,type 2 diabetes mellitus,"A diabetes mellitus that is characterized by high blood sugar, insulin resistance, and relative lack of insulin.",insulin resistance; non-insulin-dependent diabetes mellitus; type 2 diabetes; type II diabetes mellitus; NIDDM,0.9,cache,2026-06-08T06:38:53+00:00
hypertension,hypertension,DOID_10763,Disease Ontology,hypertension,An artery disease characterized by chronic elevated blood pressure in the arteries.,hyperpiesia; vascular hypertensive disorder; HTN,0.9,cache,2026-06-08T06:38:54+00:00
rheumatoid_arthritis,rheumatoid_arthritis,DOID_7148,Disease Ontology,rheumatoid arthritis,An arthritis that is an autoimmune disease which attacks healthy cells and tissue located_in joint.,"Arthritis or polyarthritis, rheumatic; atrophic Arthritis",0.9,cache,2026-06-08T06:38:54+00:00
asthma,asthma,DOID_2841,Disease Ontology,asthma,"A bronchial disease that is characterized by chronic inflammation and narrowing of the airways, which is caused by a combination of environmental and genetic factors. The disease has_symptom recurring periods of wheezing (a whistling sound while breathing), has_symptom chest tightness, has_symptom shortness of breath, has_symptom mucus production and has_symptom coughing.",bronchial hyperreactivity; chronic obstructive asthma with acute exacerbation; chronic obstructive asthma with status asthmaticus; chronic obstructive asthma,0.9,cache,2026-06-08T06:38:54+00:00
copd,copd,DOID_3083,Disease Ontology,chronic obstructive pulmonary disease,"An obstructive lung disease that is a chronic and progressive disorder of small airways in the lungs and that is characterized by irreversible airflow obstruction, typically identified by reductions in quantitative spirometric indices, induced forced expiratory volume at 1 second (FEV1) and the ratio of FEV1 to forced vital capacity (less than 0.7 is diagnostic of COPD). Lung volume is increased and pulmonary hypertension may occur. The pathologic changes result in the disruption of the airflow in the bronchial airways. Signs and symptoms include shortness of breath, wheezing, productive cough and chest tightness. COPD is a consequence (an end result) of chronic bronchitis, emphysema or both.",chronic obstructive airway disease; chronic obstructive lung disease; COLD; COPD,0.9,cache,2026-06-08T06:38:54+00:00
masld,masld,DOID_0080208,Disease Ontology,metabolic dysfunction-associated steatotic liver disease,"A steatotic liver disease characterized by at least one of five specified cardiometabolic risk factors and no other discernible cause with normal to no alcohol use. The five cardiometabolic risk factors are: (1) higher than normal body mass index or waist circumference; (2) higher than normal serum glucose or glycated hemoglobin level, or type 2 diabetes; (3) higher than normal blood pressure or hypertensive treatment; (4) higher than normal plasma triglycerides or lipid lowering treatment; and (5) lower than normal plasma high-density lipoprotein cholesterol.",metabolic dysfunction-associated fatty liver disease; metabolic dysfunction-related steatotic liver disease; metabolic-associated fatty liver disease; non-alcoholic fatty liver disease; nonalcoholic fatty liver disease; MAFLD; MASLD; NAFLD,0.9,cache,2026-06-08T06:38:54+00:00
breast_cancer,breast_cancer,DOID_1612,Disease Ontology,breast cancer,An organ system cancer that originates in the mammary gland.,breast tumor; malignant neoplasm of breast; malignant tumor of the breast; mammary cancer; mammary tumor; primary breast cancer,0.9,cache,2026-06-08T06:38:54+00:00
colorectal_cancer,colorectal_cancer,DOID_9256,Disease Ontology,colorectal cancer,A large intestine cancer that is located_in the colon and/or located_in the rectum.,,0.9,cache,2026-06-08T06:38:54+00:00
ischemic_heart_disease,coronary_artery_disease,DOID_3393,Disease Ontology,coronary artery disease,An artery disease that is characterized by plaque building up along the inner walls of the arteries of the heart resulting in a narrowing of the arteries and a reduced blood supply to the cardiac muscles.,Coronary disease; Ischemic Heart Disease; coronary arteriosclerosis; coronary heart disease; myocardial ischemia; CHD,0.9,online_exact,2026-06-08T06:38:58+00:00
alzheimer_s_disease,alzheimer_disease,mesh_D000544,MeSH,Alzheimer Disease,"A degenerative disease of the BRAIN characterized by the insidious onset of DEMENTIA. Impairment of MEMORY, judgment, attention span, and problem solving skills are followed by severe APRAXIAS and a global loss of cognitive abilities. The condition primarily occurs after age 60, and is marked pathologically by severe cortical atrophy and the triad of SENILE PLAQUES; NEUROFIBRILLARY TANGLES; and NEUROPIL THREADS. (From Adams et al., Principles of Neurology, 6th ed, pp1049-57)",,0.9,online_exact,2026-06-08T06:39:01+00:00
