alias_id,plant_id,alias_name,alias_key,alias_type,source_name,source_url,source_batch_id,retrieved_at
al_6e30fc984983b4d8c52f4181,pl_006213f3117f1898c2875760,Zingiber zerumbet subsp. zerumbet,zingiber zerumbet subsp zerumbet,normalized_variant,KNApSAcK World,,,
al_74e6c3d3a7a75d20a75edf69,pl_00c373a30e9e6440ecc47eae,Phaseolus vulgaris L.,phaseolus vulgaris l,normalized_variant,KNApSAcK World,,,
al_05274c4a027c4b7ef924993a,pl_024974665a061393511447e4,Bixa orellana L.,bixa orellana l,normalized_variant,KNApSAcK World,,,
al_7f1bd13cd989db56098c1bf9,pl_02977494d53920e6b3919a23,Gloriosa superba L.,gloriosa superba l,normalized_variant,KNApSAcK World,,,
al_1890ff30c9baa440605bb336,pl_02adc04e9237ebf125a97c1e,Kaempferia rotunda L.,kaempferia rotunda l,normalized_variant,KNApSAcK World,,,
al_abb0d25f84da39d0cabe3087,pl_02dad7cf6f0ba0d5aabc63e5,Selaginella doederleinii Hieron.,selaginella doederleinii hieron,normalized_variant,KNApSAcK World,,,
al_cadf43392ab33daad5bd2106,pl_02f9503734f203df4fa0447f,Cajanus cajan (L.) Huth,cajanus cajan l huth,normalized_variant,KNApSAcK World,,,
al_f6380fa3beb6dc99ced40bb2,pl_0337cd5a4ce935b4ff75805e,Kalanchoe pinnata (Lam.) Pers.,kalanchoe pinnata lam pers,normalized_variant,KNApSAcK World,,,
al_5e287335fee16bcee527a812,pl_03ae3d27b72db01e88b2d108,Pueraria montana (Lour.) Merr.,pueraria montana lour merr,normalized_variant,KNApSAcK World,,,
al_7e063c62ea6d0c041a76577a,pl_043078badd5d33b0d2919e51,Styphnolobium japonicum (L.) Schott,styphnolobium japonicum l schott,normalized_variant,KNApSAcK World,,,
al_c741b19374be60f42a1445e9,pl_0475390c46b94ba33f9b5f35,Viola odorata L.,viola odorata l,normalized_variant,KNApSAcK World,,,
al_c1561be601fdbbce9fb8392f,pl_04b3c27321a262278557c801,Ficus pumila L.,ficus pumila l,normalized_variant,KNApSAcK World,,,
al_0f21953cbe346e7ce3b6a037,pl_063ee4dfca28c8b3f8b2ae6f,Nerium oleander L.,nerium oleander l,normalized_variant,KNApSAcK World,,,
al_1e42cecece4fdc2de5f78e6d,pl_077bf9cb5a65f855fa7e7b51,Eclipta prostrata (L.) L.,eclipta prostrata l l,normalized_variant,KNApSAcK World,,,
al_c168987d3618b8687f7cd2fe,pl_079ee6dd545cb7010ad4f261,Intsia bijuga (Colebr.) Kuntze,intsia bijuga colebr kuntze,normalized_variant,KNApSAcK World,,,
al_a597095f62ab8ee9f64b0a8e,pl_07b5f56bdb9671aa21d30b18,Calophyllum inophyllum L.,calophyllum inophyllum l,normalized_variant,KNApSAcK World,,,
al_6c94158061e25e4d51a6a2ea,pl_082d08fcb39a42e66c37567b,Cinnamomum camphora (L.) J.Presl,cinnamomum camphora l j presl,normalized_variant,KNApSAcK World,,,
al_24381c202f333714c0b693cd,pl_0833bfd335f69f7449859eff,Caesalpinia pulcherrima (L.) Sw.,caesalpinia pulcherrima l sw,normalized_variant,KNApSAcK World,,,
al_aa51d5a6381221452da0f696,pl_08c9c7f6e7a0c5fc670432d2,Areca catechu L.,areca catechu l,normalized_variant,KNApSAcK World,,,
al_fb253bc11e1e4895528d5e6b,pl_093c883862341b51d8ccaf65,Ludwigia octovalvis (Jacq.) P.H.Raven,ludwigia octovalvis jacq p h raven,normalized_variant,KNApSAcK World,,,
al_f3b3208ce1cbf8c6971c13c2,pl_099de07006f592dd72fe87e5,Cymbopogon nardus (L.) Rendle,cymbopogon nardus l rendle,normalized_variant,KNApSAcK World,,,
al_d5563690e09ff6a46fa1a88a,pl_099e4c9611485ca8553e19b9,Murraya paniculata (L.) Jacq.,murraya paniculata l jacq,normalized_variant,KNApSAcK World,,,
al_f8744baaaa4e15a797a61cfd,pl_0a72052bc76baea2a9131b8d,Breynia androgyna (L.) Chakrab. & N.P.Balakr.,breynia androgyna l chakrab n p balakr,normalized_variant,KNApSAcK World,,,
al_5af16223169a9c4eb4b6e6dc,pl_0a72052bc76baea2a9131b8d,Sauropus androgynus (L.) Merr.,sauropus androgynus l merr,synonym_variant,KNApSAcK World,,,
al_702bc6c94e14e36a3d489bfc,pl_0abb90585404efc249de7127,Aucuba japonica Thunb.,aucuba japonica thunb,normalized_variant,KNApSAcK World,,,
al_61853108ca23ea0e2245bd12,pl_0b7e510b54ff7d2ac78c465d,Syzygium cumini (L.) Skeels,syzygium cumini l skeels,normalized_variant,KNApSAcK World,,,
al_df228255ee523521c886157f,pl_0b973d9f9c348f24594093ef,Zingiber officinale Roscoe,zingiber officinale roscoe,normalized_variant,KNApSAcK World,,,
al_139253adfad3b269adbdfbf5,pl_0be1519825fda637e0dfd982,Morinda citrifolia L.,morinda citrifolia l,normalized_variant,KNApSAcK World,,,
al_60b2e92267d13fea37538b6e,pl_0c5ed9aba104db1f27c85e21,Selenicereus undatus (Haw.) D.R.Hunt,selenicereus undatus haw d r hunt,normalized_variant,KNApSAcK World,,,
al_485a70d3221274de58137c9f,pl_0c5ed9aba104db1f27c85e21,Hylocereus undatus (Haw.) Britton & Rose,hylocereus undatus haw britton rose,synonym_variant,KNApSAcK World,,,
al_cf7cd5c41c2b0bc4a1257abf,pl_0c8b9db9d2901062ee936f66,Rauvolfia serpentina (L.) Benth. ex Kurz,rauvolfia serpentina l benth ex kurz,normalized_variant,KNApSAcK World,,,
al_6f0db8940d78c9e28e88f40b,pl_0d2e580dd9b5768bfab7a9ca,Rauvolfia reflexa Koord. & Valeton,rauvolfia reflexa koord valeton,normalized_variant,KNApSAcK World,,,
al_0824dc4d5f313d0883510c9c,pl_0e14843747a59f8a62d3ae3a,Melastoma malabathricum L.,melastoma malabathricum l,normalized_variant,KNApSAcK World,,,
al_d0aee2b6970bc660db61f08b,pl_0e77f5779a87feddaa3e76e8,Curcuma mangga Valeton & Zijp,curcuma mangga valeton zijp,normalized_variant,KNApSAcK World,,,
al_8ca8d9ae4a7c037529279c55,pl_0ea07ec9b771067329e9c14b,Physalis peruviana L.,physalis peruviana l,normalized_variant,KNApSAcK World,,,
al_e75188ef0a2a33bb6b5fe7a5,pl_0f01e001e22e27b63cb4a3b7,Strychnos ignatii Bergius,strychnos ignatii bergius,normalized_variant,KNApSAcK World,,,
al_8493baa350a412ff0fe9a586,pl_0f13dc2eb10f23f93ace228f,Annona reticulata L.,annona reticulata l,normalized_variant,KNApSAcK World,,,
al_118ab2902d4a04c0f641be6e,pl_0f6a3694394d75e1ff7f818d,Ruellia tuberosa L.,ruellia tuberosa l,normalized_variant,KNApSAcK World,,,
al_671c1f0e30a0d310ba7ce990,pl_0fa943a42b5086182619b948,Portulaca grandiflora Hook.,portulaca grandiflora hook,normalized_variant,KNApSAcK World,,,
al_e7ea7947fba4be7a86acdb5f,pl_104a4eee1cd8c776d9715f61,Acalypha hispida Burm.f.,acalypha hispida burm f,normalized_variant,KNApSAcK World,,,
al_a9c0de4bf14b5078a3f45194,pl_10cb88f89504841f9b519042,Rhodomyrtus tomentosa (Aiton) Hassk.,rhodomyrtus tomentosa aiton hassk,normalized_variant,KNApSAcK World,,,
al_f4b71e44e3d9a9f12455ddff,pl_1144702ce6950150d2573b5a,Jatropha curcas L.,jatropha curcas l,normalized_variant,KNApSAcK World,,,
al_9bf25bf222dbc93b5c6ac322,pl_117eb28392516a38300606a1,Curcuma zanthorrhiza Roxb.,curcuma zanthorrhiza roxb,normalized_variant,KNApSAcK World,,,
al_8f83df3224f9c95a829be0d1,pl_120bdaab39bcfaec71adfb3d,Solanum violaceum Ortega,solanum violaceum ortega,normalized_variant,KNApSAcK World,,,
al_2020bf3cf02edbb74d1e425f,pl_121259b0e4e7a7e45a5a532a,Achyranthes aspera L.,achyranthes aspera l,normalized_variant,KNApSAcK World,,,
al_e1d670e43e57d1721765c7f8,pl_13b9cbaef9514c1b102698a5,Abrus precatorius L.,abrus precatorius l,normalized_variant,KNApSAcK World,,,
al_b6a053e80b0512ec1e14cad5,pl_15520520705fc1ad9867c23d,Cyperus brevifolius (Rottb.) Hassk.,cyperus brevifolius rottb hassk,normalized_variant,KNApSAcK World,,,
al_e5c7f344591d09e4f8486a23,pl_157e830607c4c9ea9d93f9c2,Valeriana officinalis L.,valeriana officinalis l,normalized_variant,KNApSAcK World,,,
al_1d569826c4d37630dc0e7d58,pl_164e41e41a7eaeb3bd76d977,Vigna radiata (L.) R.Wilczek,vigna radiata l r wilczek,normalized_variant,KNApSAcK World,,,
al_b2cc16dfcf7b5be3c9cc8a7e,pl_171512acfb6bbb3c3833be45,Litsea glutinosa (Lour.) C.B.Rob.,litsea glutinosa lour c b rob,normalized_variant,KNApSAcK World,,,
al_735708c11f3a093ecaccbd41,pl_173ff06bf6c2aadcded7775c,Senna occidentalis (L.) Link,senna occidentalis l link,normalized_variant,KNApSAcK World,,,
al_a06f8779cc96b94d58524826,pl_173ff06bf6c2aadcded7775c,Cassia occidentalis L.,cassia occidentalis l,synonym_variant,KNApSAcK World,,,
al_65a2241aa7aab77c11a84959,pl_17a0ab2803fdd601bdcbd4ac,Strychnos lucida R.Br.,strychnos lucida r br,normalized_variant,KNApSAcK World,,,
al_e534da44b3a22410c73eae13,pl_17e58837eebb9c0a8a8ce9bd,Rivina humilis L.,rivina humilis l,normalized_variant,KNApSAcK World,,,
al_8b5320ab40c69d97af10092c,pl_1916be9b3a3d13f7db27e348,Orthosiphon aristatus var. aristatus,orthosiphon aristatus var aristatus,normalized_variant,KNApSAcK World,,,
al_dfcbf19ce3dd79e5ef582ae5,pl_1a0cbbc18c39f9ad12e16401,Antiaris toxicaria (Pers.) Lesch.,antiaris toxicaria pers lesch,normalized_variant,KNApSAcK World,,,
al_81b0061d2bd66b0dca033049,pl_1a82f58bb2d39177c86da314,Barleria prionitis L.,barleria prionitis l,normalized_variant,KNApSAcK World,,,
al_52c46942d304a397a4ffe950,pl_1a841323e84137590ede81ae,Artocarpus altilis (Parkinson) Fosberg,artocarpus altilis parkinson fosberg,normalized_variant,KNApSAcK World,,,
al_27fa6f21510c4791f1b890bd,pl_1a841323e84137590ede81ae,Artocarpus communis J.R.Forst. & G.Forst.,artocarpus communis j r forst g forst,synonym_variant,KNApSAcK World,,,
al_a7940467644647f92b16da18,pl_1b134d0e66794d3a55d9e92f,Scutellaria discolor Wall. ex Benth.,scutellaria discolor wall ex benth,normalized_variant,KNApSAcK World,,,
al_cdb4a323d0ea848e893e42bd,pl_1bc29756a614ae50889def8e,Averrhoa bilimbi L.,averrhoa bilimbi l,normalized_variant,KNApSAcK World,,,
al_f85d649396f061c14e518354,pl_1c24aa7b1a190739dce6ea78,Woodfordia fruticosa (L.) Kurz,woodfordia fruticosa l kurz,normalized_variant,KNApSAcK World,,,
al_1c2aaa8802db67acb5aca73e,pl_1c3c17d7ce670f7966576dc0,Saccharum officinarum L.,saccharum officinarum l,normalized_variant,KNApSAcK World,,,
al_794bd088b4c8b9ad0b08f140,pl_1d4ba795ee537b0068a02d9a,Pimpinella anisum L.,pimpinella anisum l,normalized_variant,KNApSAcK World,,,
al_d512afe4aa08fdc0d856d8b7,pl_1e2d4c2409da3d12bd617f90,Allium chinense G.Don,allium chinense g don,normalized_variant,KNApSAcK World,,,
al_a168693790927b60eec83ae6,pl_1e2d8fcabc6868edd6454cf7,Andrographis paniculata (Burm.fil.) Nees,andrographis paniculata burm fil nees,normalized_variant,KNApSAcK World,,,
al_8e8d7f1bde9600c74307c19a,pl_1eb7b93b5b040860d4a6fb90,Citrus × aurantiifolia (Christm.) Swingle,citrus aurantiifolia christm swingle,normalized_variant,KNApSAcK World,,,
al_b1dcd81e9648d3412206012b,pl_1f3f770ee284cb1161104d07,Lawsonia inermis L.,lawsonia inermis l,normalized_variant,KNApSAcK World,,,
al_7a5c6238e38c10f8243caa5c,pl_1fbeb6955966dafdc9da216e,Piper cubeba L.fil.,piper cubeba l fil,normalized_variant,KNApSAcK World,,,
al_4fd9bee34b70ba0937785deb,pl_1ff05893ca54ab4bce4a268d,Pterocarpus indicus Willd.,pterocarpus indicus willd,normalized_variant,KNApSAcK World,,,
al_791e851091d285306f8062b5,pl_202f67142ff4e6264adb4112,Cerbera manghas L.,cerbera manghas l,normalized_variant,KNApSAcK World,,,
al_e6b79e22f1cf61e097d7a288,pl_20a9fe7e729b46358023ebdc,Elaeocarpus grandiflorus Sm.,elaeocarpus grandiflorus sm,normalized_variant,KNApSAcK World,,,
al_b3b70df593ef753e57189de3,pl_218e4eb23bf19c9994a74a41,Ananas comosus (L.) Merr.,ananas comosus l merr,normalized_variant,KNApSAcK World,,,
al_1c6bec35249b8b756991e026,pl_21f5ac6e4271ec4a2079102d,Calotropis gigantea (L.) W.T.Aiton,calotropis gigantea l w t aiton,normalized_variant,KNApSAcK World,,,
al_9b3aca820bf2f59d7e5a0ca1,pl_22934e9ceb3de5c3ee456612,Smilax china L.,smilax china l,normalized_variant,KNApSAcK World,,,
al_bcd43258391546eebd3e1b0a,pl_23a82e29f8c1ac8881de8763,Trigastrotheca pentaphylla (L.) Thulin,trigastrotheca pentaphylla l thulin,normalized_variant,KNApSAcK World,,,
al_3f7290c0c59d4da5f69f1705,pl_23a82e29f8c1ac8881de8763,Mollugo pentaphylla L.,mollugo pentaphylla l,synonym_variant,KNApSAcK World,,,
al_111c8700dae17905c6caead9,pl_23ace3f2e43f02aa03634218,Coffea canephora Pierre ex A.Froehner,coffea canephora pierre ex a froehner,normalized_variant,KNApSAcK World,,,
al_4d8300c347923bec2e19a749,pl_23ace3f2e43f02aa03634218,Coffea robusta L.Linden,coffea robusta l linden,synonym_variant,KNApSAcK World,,,
al_bf3f43a044c061c74b615d1b,pl_23b514bc71ba077af4c2eb7c,Volvariella volvacea (Bull.) Singer,volvariella volvacea bull singer,normalized_variant,KNApSAcK World,,,
al_60f1a579a5a0175c3234447c,pl_24588626fe1874c962937a87,Cassia javanica L.,cassia javanica l,normalized_variant,KNApSAcK World,,,
al_c3207cb5f1b42a6350473284,pl_24f9266dbef2e9634008b1e2,Acorus calamus L.,acorus calamus l,normalized_variant,KNApSAcK World,,,
al_c0540671755313c523743389,pl_255fb55a52bd7098fdff7de2,Erythrina variegata L.,erythrina variegata l,normalized_variant,KNApSAcK World,,,
al_303ff3b1cc3c01cd220504f2,pl_25adb186d6737e1c5245bb30,Stephania venosa (Blume) Spreng.,stephania venosa blume spreng,normalized_variant,KNApSAcK World,,,
al_05ccfb07958b322c5ce386ad,pl_260ae919a413d1efb53427c0,Leonurus sibiricus L.,leonurus sibiricus l,normalized_variant,KNApSAcK World,,,
al_606ea38d283e77a69f418a60,pl_26a92bbd35a672e9d9dd01c1,Myristica fragrans Houtt.,myristica fragrans houtt,normalized_variant,KNApSAcK World,,,
al_78935e5be0375bbe7087ead0,pl_274eee3c7eb76507bd339309,Cucurbita moschata (Duchesne) Duchesne ex Poir.,cucurbita moschata duchesne duchesne ex poir,normalized_variant,KNApSAcK World,,,
al_47023d8327a7c810f6380319,pl_2780b3a0cd55111b5352485a,Smilax zeylanica L.,smilax zeylanica l,normalized_variant,KNApSAcK World,,,
al_260c54db85f56ec9e598914f,pl_279c5264982d6af0cde472c1,Melia azedarach L.,melia azedarach l,normalized_variant,KNApSAcK World,,,
al_cd491ba8ddace5b7d99850d0,pl_27aa64f5284a9745255f0093,Zanthoxylum rhetsa (Roxb.) DC.,zanthoxylum rhetsa roxb dc,normalized_variant,KNApSAcK World,,,
al_6fbb5547d625fef222570859,pl_27aa64f5284a9745255f0093,Fagara rhetsa Roxb.,fagara rhetsa roxb,synonym_variant,KNApSAcK World,,,
al_d768a10e7e455c51aa7759de,pl_2827ce08c068e47881483c3e,Lepidium sativum L.,lepidium sativum l,normalized_variant,KNApSAcK World,,,
al_8b7684e6901272c15eb9192a,pl_2872663bde9672703e63c09f,Manilkara zapota (L.) P.Royen,manilkara zapota l p royen,normalized_variant,KNApSAcK World,,,
al_d2c5d1b9ec7fa7f3f09b2499,pl_28978b26f5753fa270e8120a,Pogostemon cablin (Blanco) Benth.,pogostemon cablin blanco benth,normalized_variant,KNApSAcK World,,,
al_4868d03c810913c10b89e800,pl_28ca11b98e1c0f64cdb77f03,Symphytum officinale L.,symphytum officinale l,normalized_variant,KNApSAcK World,,,
al_495d5789debe5b83a1524b81,pl_2997f6998970f72e01ecb4bf,Psidium guajava L.,psidium guajava l,normalized_variant,KNApSAcK World,,,
al_aa4e6281d5a83dc18d94a13b,pl_29a7e8834c711a8aaa0c45b7,Rumex nepalensis Spreng.,rumex nepalensis spreng,normalized_variant,KNApSAcK World,,,
al_2c0c9f510bcaf4809bbc5a8f,pl_2a4d9bf46274221e02b8605a,Peltophorum pterocarpum (DC.) Backer ex K.Heyne,peltophorum pterocarpum dc backer ex k heyne,normalized_variant,KNApSAcK World,,,
al_de2c066d6b817bd0918905ea,pl_2ae5f37484d8513be1233e5a,Ruta angustifolia Pers.,ruta angustifolia pers,normalized_variant,KNApSAcK World,,,
al_ee874f74578c9bd0a5bf6e39,pl_2c0612697c1dc630af9f1560,Citrus hystrix DC.,citrus hystrix dc,normalized_variant,KNApSAcK World,,,
al_54bf8f1444d3f90af16165d0,pl_2c562a36935b239b3e679cd0,Moringa oleifera Lam.,moringa oleifera lam,normalized_variant,KNApSAcK World,,,
al_516b0d64ad0c81e1da593343,pl_2c562a36935b239b3e679cd0,Moringa pterygosperma Gaertn.,moringa pterygosperma gaertn,synonym_variant,KNApSAcK World,,,
al_572ec808f7f87523e2334413,pl_2c6940a127dfc9f59dbe2412,Ageratum conyzoides L.,ageratum conyzoides l,normalized_variant,KNApSAcK World,,,
al_7f70aecde1d1f7aea2f85f24,pl_2e076615dea70ccacbaedd08,Taraxacum officinale Weber ex F.H.Wigg.,taraxacum officinale weber ex f h wigg,normalized_variant,KNApSAcK World,,,
al_4db66aefa247a2770d9cdccd,pl_2ee389e66eedf9c4a80e81eb,Nelumbo nucifera Gaertn.,nelumbo nucifera gaertn,normalized_variant,KNApSAcK World,,,
al_2b40b5becd0fe075ad4936e2,pl_2fb4d537bb4c39aa6f0d747e,Jasminum sambac (L.) Aiton,jasminum sambac l aiton,normalized_variant,KNApSAcK World,,,
al_f9296ff12a8d2540b1d4bdad,pl_2fdce27e991759b79e85c40a,Asparagus cochinchinensis (Lour.) Merr.,asparagus cochinchinensis lour merr,normalized_variant,KNApSAcK World,,,
al_46716e47da1e7ae9516391b2,pl_2ff52618badc8932338680fd,Elettaria cardamomum (L.) Maton,elettaria cardamomum l maton,normalized_variant,KNApSAcK World,,,
al_60d961460e44ea346c7df40f,pl_305c5c71fb6e7caa9770e361,Oroxylum indicum (L.) Kurz,oroxylum indicum l kurz,normalized_variant,KNApSAcK World,,,
al_069bb003d8a532e13b1777a0,pl_307df971b463d592e40f98e2,Piper nigrum L.,piper nigrum l,normalized_variant,KNApSAcK World,,,
al_a1a967fecced3ede33109917,pl_318d5df03d0811ca6ce1a2fe,Ipomoea aquatica Forssk.,ipomoea aquatica forssk,normalized_variant,KNApSAcK World,,,
al_db87b045cd11d4351d5a7e9e,pl_31c9cdaa62277f7a45fd5aa5,Vitex trifolia L.,vitex trifolia l,normalized_variant,KNApSAcK World,,,
al_146773a1adbedf671947cb5b,pl_32398998f0ceffb07ef81a78,Hibiscus sabdariffa L.,hibiscus sabdariffa l,normalized_variant,KNApSAcK World,,,
al_e9eca5936d77476744ae5db4,pl_3261fb45fc6a3ea80b6fb8ad,Digitalis purpurea L.,digitalis purpurea l,normalized_variant,KNApSAcK World,,,
al_d8fd4d05c49c645e86663510,pl_327a1cdf73bd7e536eb8c0b4,Lantana camara L.,lantana camara l,normalized_variant,KNApSAcK World,,,
al_7e05941d5d18f6b2417fb0a2,pl_3331f488867ea24553fd7a33,Psophocarpus tetragonolobus (L.) DC.,psophocarpus tetragonolobus l dc,normalized_variant,KNApSAcK World,,,
al_96413f4f0071962857c9270c,pl_33bb185ded5ad92fb2fbbf89,Talipariti tiliaceum (L.) Fryxell,talipariti tiliaceum l fryxell,normalized_variant,KNApSAcK World,,,
al_d7843a73333ba19f063d410d,pl_33bb185ded5ad92fb2fbbf89,Hibiscus tiliaceus L.,hibiscus tiliaceus l,synonym_variant,KNApSAcK World,,,
al_7ac63e4583111099fefa6ecc,pl_33e4e311bf15742d56e9ad6e,Catharanthus roseus (L.) G.Don,catharanthus roseus l g don,normalized_variant,KNApSAcK World,,,
al_4d7fd301d308b5e03bd4a6e5,pl_33e4e311bf15742d56e9ad6e,Vinca rosea L.,vinca rosea l,synonym_variant,KNApSAcK World,,,
al_6048322d8205159bc4559f71,pl_3497647f662749668fcdfa0f,Trema orientale (L.) Blume,trema orientale l blume,normalized_variant,KNApSAcK World,,,
al_ece50289956814d4f5628c1b,pl_3497647f662749668fcdfa0f,Trema orientalis (L.) Blume,trema orientalis l blume,synonym_variant,KNApSAcK World,,,
al_6db9e9f2ec6466ddd1234adf,pl_3606e594fde475f6da9827fe,Cucumis sativus L.,cucumis sativus l,normalized_variant,KNApSAcK World,,,
al_a9941ca5dc4460e2621508ec,pl_3676ab5429ac8921b588c029,Homalomena occulta (Lour.) Schott,homalomena occulta lour schott,normalized_variant,KNApSAcK World,,,
al_9c1bc789af4270c0248a0be1,pl_36a9df67bc9356b596ae321c,Talinum fruticosum (L.) Juss.,talinum fruticosum l juss,normalized_variant,KNApSAcK World,,,
al_fcadf0f70fa3d6d1dd102745,pl_36a9df67bc9356b596ae321c,Talinum triangulare (Jacq.) Willd.,talinum triangulare jacq willd,synonym_variant,KNApSAcK World,,,
al_0236339d1536ea0b2b102b4b,pl_389aa02f4896c03a986b5600,Guazuma ulmifolia Lam.,guazuma ulmifolia lam,normalized_variant,KNApSAcK World,,,
al_64c3f448a17924e59b33bbe3,pl_38b6ee1bd3a6ca370f22a7e3,Eucalyptus globulus Labill.,eucalyptus globulus labill,normalized_variant,KNApSAcK World,,,
al_b86b6327ee4d2bd7b1863e8b,pl_3a544db8646bf1ac1243d57e,Tabernaemontana sphaerocarpa Blume,tabernaemontana sphaerocarpa blume,normalized_variant,KNApSAcK World,,,
al_3a3534a5c7e84e1892c4e7e4,pl_3aeb121db97425208fa101de,Allium cepa L.,allium cepa l,normalized_variant,KNApSAcK World,,,
al_30139e6ee95f3175cb4249f4,pl_3b2ea503efa7c25943deede8,Morus alba L.,morus alba l,normalized_variant,KNApSAcK World,,,
al_05d4d3b8c81dac8198ca3b6c,pl_3b309059ae2a8c398f10ea02,Luffa aegyptiaca Mill.,luffa aegyptiaca mill,normalized_variant,KNApSAcK World,,,
al_b7dc7f58e59b2cace81a4196,pl_3b5efaf4aa724057e4877108,Alpinia galanga (L.) Willd.,alpinia galanga l willd,normalized_variant,KNApSAcK World,,,
al_0cb66a499caa0217e96b5ae9,pl_3bb879e7d2e9e0057570707e,Sida rhombifolia L.,sida rhombifolia l,normalized_variant,KNApSAcK World,,,
al_28a023fcb6f66e4f6dfe969f,pl_3be74ad9f1540488afc9e794,Ganoderma lucidum (Curtis) P.Karst.,ganoderma lucidum curtis p karst,normalized_variant,KNApSAcK World,,,
al_dde481fb0ad5562d26f542d3,pl_3cf1c4051ae0c4fc8a40fc60,Cinnamomum verum J.Presl,cinnamomum verum j presl,normalized_variant,KNApSAcK World,,,
al_59ffbda34caf2acbab3bd2db,pl_3cf1c4051ae0c4fc8a40fc60,Cinnamomum zeylanicum Blume,cinnamomum zeylanicum blume,synonym_variant,KNApSAcK World,,,
al_49a4ee3470285b828f764a72,pl_3d4592bb14d3338d2d60e494,Senna alata (L.) Roxb.,senna alata l roxb,normalized_variant,KNApSAcK World,,,
al_1aeeeb906a4517fadbdae717,pl_3d68d4fc8f6fd7840683b49e,Phyllanthus urinaria L.,phyllanthus urinaria l,normalized_variant,KNApSAcK World,,,
al_6bcb88268359505cfc2dbe51,pl_3d77715a6540b3a0639f7fca,Cyperus rotundus L.,cyperus rotundus l,normalized_variant,KNApSAcK World,,,
al_4bef8f6623b0fff3b23aff1c,pl_3ddee030d70760613022882d,Cascabela thevetia (L.) Lippold,cascabela thevetia l lippold,normalized_variant,KNApSAcK World,,,
al_38385635c1fc1df21dd2aa0e,pl_3ddee030d70760613022882d,Thevetia peruviana (Pers.) K.Schum.,thevetia peruviana pers k schum,synonym_variant,KNApSAcK World,,,
al_afc69ddd87c31e4020283595,pl_3df15bb6f1da1f849d08ada9,Mesua ferrea L.,mesua ferrea l,normalized_variant,KNApSAcK World,,,
al_bdaacbd69d05ea116bc190b6,pl_3df823c0e83bbd4c75cd7859,Piper retrofractum Vahl,piper retrofractum vahl,normalized_variant,KNApSAcK World,,,
al_2cc22c1cc63b9ceee3c6079f,pl_3e6804ae375bc1a789dc5764,Coffea canephora Pierre ex A.Froehner,coffea canephora pierre ex a froehner,normalized_variant,KNApSAcK World,,,
al_4fb0e24afdf567723f5c4c8d,pl_40194810c1a9fb7d60f332ba,Zingiber zerumbet (L.) Roscoe ex Sm.,zingiber zerumbet l roscoe ex sm,normalized_variant,KNApSAcK World,,,
al_c0a8de05bb7c25446d849f04,pl_4026427748b4ebe726402bc9,Indigofera tinctoria L.,indigofera tinctoria l,normalized_variant,KNApSAcK World,,,
al_950382cd2cd967736b78eeb9,pl_4027d6efa9f5571b649df2e0,Cocos nucifera L.,cocos nucifera l,normalized_variant,KNApSAcK World,,,
al_02975ea123f867f43d991da4,pl_40cc4d474d76b4a17de6e7f8,Apium graveolens L.,apium graveolens l,normalized_variant,KNApSAcK World,,,
al_6b5c83f7146d2d46b2d088cb,pl_40f5af994a602d97e7f578f2,Tabernaemontana divaricata (L.) R.Br. ex Roem. & Schult.,tabernaemontana divaricata l r br ex roem schult,normalized_variant,KNApSAcK World,,,
al_e186cd99ddff818ca8882b54,pl_40f5af994a602d97e7f578f2,Ervatamia divaricata (L.) Burkill,ervatamia divaricata l burkill,synonym_variant,KNApSAcK World,,,
al_293cbab5c7f878abe5ca65b8,pl_4102687b073bd0f77047e0c7,Coriandrum sativum L.,coriandrum sativum l,normalized_variant,KNApSAcK World,,,
al_a62d41239e063a533037bfaf,pl_410cbf14ef9cb5a78ad7018b,Excoecaria agallocha L.,excoecaria agallocha l,normalized_variant,KNApSAcK World,,,
al_ffa519552cc1d277f2dafecb,pl_4112f74ce346d9d5b2c321c6,Sesbania grandiflora (L.) Poir.,sesbania grandiflora l poir,normalized_variant,KNApSAcK World,,,
al_c2f123205fd3e538651d170c,pl_44cc2b396f550f42e332ab8f,Bidens bipinnata L.,bidens bipinnata l,normalized_variant,KNApSAcK World,,,
al_589b4560702b434e8bd48e66,pl_44cdf043f59413deeed75bed,Phaseolus mungo Wall.,phaseolus mungo wall,normalized_variant,KNApSAcK World,,,
al_d8fff133977b1d146523e7e3,pl_4513f5bbdeea24d2c95df86f,Scutellaria indica L.,scutellaria indica l,normalized_variant,KNApSAcK World,,,
al_0bc2cdcd0dbc38e0e18e1b3d,pl_451b7a0d395a048b8d4dad28,Trichosanthes tricuspidata Lour.,trichosanthes tricuspidata lour,normalized_variant,KNApSAcK World,,,
al_bd5d16c3849fc3d476efe700,pl_4527453435483a7939cc8739,Ipomoea batatas (L.) Lam.,ipomoea batatas l lam,normalized_variant,KNApSAcK World,,,
al_c355ea39ef670311feb6a1e8,pl_456dc1bf90376280ac9c6bc2,Gynura japonica (Thunb.) Juel,gynura japonica thunb juel,normalized_variant,KNApSAcK World,,,
al_a36c6242286d5e45f5c35ac1,pl_456dc1bf90376280ac9c6bc2,Gynura segetum (Lour.) Merr.,gynura segetum lour merr,synonym_variant,KNApSAcK World,,,
al_efe05477774996dae977cbe0,pl_46b7bcff1287e45cc8ce2101,Bidens pilosa L.,bidens pilosa l,normalized_variant,KNApSAcK World,,,
al_9399a37c31ef00415190ae73,pl_46eb11c119e6e6679620f7d6,Celosia argentea L.,celosia argentea l,normalized_variant,KNApSAcK World,,,
al_85acc228eb78086ed9b2ee12,pl_47a2413f6382829f1fd8b5e8,Physalis angulata L.,physalis angulata l,normalized_variant,KNApSAcK World,,,
al_8c80d92ce40c7bd97b150f56,pl_47a2413f6382829f1fd8b5e8,Physalis minima L.,physalis minima l,synonym_variant,KNApSAcK World,,,
al_79cef3eeb2f2b080aba6ddb3,pl_47ab24eb2755ca8c6aabfc4e,Imperata cylindrica (L.) Raeusch.,imperata cylindrica l raeusch,normalized_variant,KNApSAcK World,,,
al_65bbcca6872cc7312898cf2b,pl_47e62909fd3f88302046864b,Tagetes erecta L.,tagetes erecta l,normalized_variant,KNApSAcK World,,,
al_90918f6f343b65f8ca050cdc,pl_489d455cbddec280a5d5b833,Annona muricata L.,annona muricata l,normalized_variant,KNApSAcK World,,,
al_c11b80ab9dfba61049c1b6a6,pl_492ddd508a0e1617b87ad31b,Kalanchoe daigremontiana Raym.-Hamet & H.Perrier,kalanchoe daigremontiana raym hamet h perrier,normalized_variant,KNApSAcK World,,,
al_ad44a8369914fe2967450f2d,pl_4b2c832eb53705c14a0f576b,Malus domestica (Suckow) Borkh.,malus domestica suckow borkh,normalized_variant,KNApSAcK World,,,
al_826e6611de401eaafba32d00,pl_4b4a1d0f582c74525c0f2723,Lantana trifolia L.,lantana trifolia l,normalized_variant,KNApSAcK World,,,
al_39ecb8f238908a457ee34ae9,pl_4d49b5cbd94dee8f59d3d67f,Iris domestica (L.) Goldblatt & Mabb.,iris domestica l goldblatt mabb,normalized_variant,KNApSAcK World,,,
al_269cbad10da328e3a815e411,pl_4d49b5cbd94dee8f59d3d67f,Belamcanda chinensis (L.) DC.,belamcanda chinensis l dc,synonym_variant,KNApSAcK World,,,
al_5c4d5c2ac8cd1b72b097e09d,pl_4d49c8717990a95953536f3b,Gossypium herbaceum L.,gossypium herbaceum l,normalized_variant,KNApSAcK World,,,
al_69dc658b72fda23ba9c2b02e,pl_4e27ea7da6f493da1c52cbe4,Melochia corchorifolia L.,melochia corchorifolia l,normalized_variant,KNApSAcK World,,,
al_a17159cc6d73bedd97c552f4,pl_4eafc2e2dbaf3e5579f8109b,Centella asiatica (L.) Urb.,centella asiatica l urb,normalized_variant,KNApSAcK World,,,
al_d6e57f90438c369eaa52ab44,pl_4f1a087e41ef14961edfce43,"Clerodendrum serratum Spreng., 1825",clerodendrum serratum spreng 1825,normalized_variant,KNApSAcK World,,,
al_81e41a18177cab2eac887f2a,pl_4fe5557be96cfcb90be927df,Nigella sativa L.,nigella sativa l,normalized_variant,KNApSAcK World,,,
al_9623afcfafd260a93e67b52b,pl_506973418649a7f54876b299,Sesamum indicum L.,sesamum indicum l,normalized_variant,KNApSAcK World,,,
al_59b12cce0edc130464a91e2c,pl_51273cdce6960bc2858d86b0,Strychnos lucida R.Br.,strychnos lucida r br,normalized_variant,KNApSAcK World,,,
al_6e7f5650175dfb43bf646443,pl_5163509315c58d617ada75ad,Ixora chinensis Lam.,ixora chinensis lam,normalized_variant,KNApSAcK World,,,
al_2c8d7919f6e5a9481d18425b,pl_5194bf3532612a00c43953ad,Derris elliptica (Wall.) Benth.,derris elliptica wall benth,normalized_variant,KNApSAcK World,,,
al_a5caa259e7edd53b1cdd59d3,pl_525331a1365e9c14353fef37,Hura crepitans L.,hura crepitans l,normalized_variant,KNApSAcK World,,,
al_e8785da9a294c1c9bfa6ad0e,pl_535e091d9e2c7bac6449325d,Rauvolfia verticillata (Lour.) Baill.,rauvolfia verticillata lour baill,normalized_variant,KNApSAcK World,,,
al_6b9479ebbfac718a0a2d21e2,pl_5388097959a348f053235750,Santalum album L.,santalum album l,normalized_variant,KNApSAcK World,,,
al_4315c875a7d84b0558f5e09d,pl_539bc4b74fa9e0df05326b3a,Nicotiana tabacum L.,nicotiana tabacum l,normalized_variant,KNApSAcK World,,,
al_8b6fb820af7ef53c47adfd68,pl_566ae7dc8f109681a8106f3c,Plumeria rubra L.,plumeria rubra l,normalized_variant,KNApSAcK World,,,
al_106e2f814e2715f61b4c2bc5,pl_56956dacf14c9a441eba27fe,Croton tiglium L.,croton tiglium l,normalized_variant,KNApSAcK World,,,
al_b1f2a64ad96b6713df5887d7,pl_569764d8ad1ca0a939ee5794,Goniothalamus macrophyllus (Blume) Hook.f. & Thomson,goniothalamus macrophyllus blume hook f thomson,normalized_variant,KNApSAcK World,,,
al_7c1b858f5d9d3decb9f8df9f,pl_56df9876789161d3b94df9a2,"Equisetum debile Roxb. ex Wall., 1829",equisetum debile roxb ex wall 1829,normalized_variant,KNApSAcK World,,,
al_0fc31ff04ce2bb5c4e99b5f9,pl_5705e33a748fa17d7f9049be,Sandoricum koetjape (Burm.fil.) Merr.,sandoricum koetjape burm fil merr,normalized_variant,KNApSAcK World,,,
al_13cb7e1adeef2d04c4447175,pl_58205c2606e285a04667c1e3,Plumbago indica L.,plumbago indica l,normalized_variant,KNApSAcK World,,,
al_6eeb01b06323fcd43cab925c,pl_5843a4d4f9a22007cc1524c7,Rheum palmatum L.,rheum palmatum l,normalized_variant,KNApSAcK World,,,
al_a8617b5cc70c02beb4882383,pl_58c73f4e104a300e1a6461d5,Capsicum annuum L.,capsicum annuum l,normalized_variant,KNApSAcK World,,,
al_ff77d939e7d3cc8f9a4be35e,pl_59410b0e2eed0a9f7786a4dd,Entada phaseoloides (L.) Merr.,entada phaseoloides l merr,normalized_variant,KNApSAcK World,,,
al_2cd70d672935276d37d44f3f,pl_59410b0e2eed0a9f7786a4dd,Entada scandens (L.) Benth.,entada scandens l benth,synonym_variant,KNApSAcK World,,,
al_0498dd17964832023320dd14,pl_594184fb9067812c3cb248e4,Emilia sonchifolia (L.) DC. ex Wight,emilia sonchifolia l dc ex wight,normalized_variant,KNApSAcK World,,,
al_2974868441002b2584fcd1eb,pl_5946cdeedd2e724ad969de92,Ipomoea pes-caprae (L.) R.Br.,ipomoea pes caprae l r br,normalized_variant,KNApSAcK World,,,
al_98a33a0b5c89be44ced2881e,pl_5a0ebb93b405a5ba873b27c2,Elephantopus scaber L.,elephantopus scaber l,normalized_variant,KNApSAcK World,,,
al_b21a2bf6ac57d9df29cbe798,pl_5a150d5101e616a7d1472c24,Boesenbergia rotunda (L.) Mansf.,boesenbergia rotunda l mansf,normalized_variant,KNApSAcK World,,,
al_8541e3fa16dddb33b45b406f,pl_5a38d68eb7ede853d29b7ed5,Basella alba L.,basella alba l,normalized_variant,KNApSAcK World,,,
al_295a08a61149ca9ffabe4430,pl_5a38d68eb7ede853d29b7ed5,Basella rubra L.,basella rubra l,synonym_variant,KNApSAcK World,,,
al_14da2de62756f9fc2991505e,pl_5a5e0988d3bb57e310f717ef,Boesenbergia rotunda (L.) Mansf.,boesenbergia rotunda l mansf,normalized_variant,KNApSAcK World,,,
al_10364d7ee7b9388f9818aa7f,pl_5a5e0988d3bb57e310f717ef,Boesenbergia pandurata (Roxb.) Schltr.,boesenbergia pandurata roxb schltr,synonym_variant,KNApSAcK World,,,
al_a5072b821c48c96187704561,pl_5a76b48313031c48b3e647dc,Pongamia pinnata (L.) Pierre,pongamia pinnata l pierre,normalized_variant,KNApSAcK World,,,
al_96781d8eda669172842a8191,pl_5a86c707c7a02bb972e96808,Paederia foetida L.,paederia foetida l,normalized_variant,KNApSAcK World,,,
al_899785adbd8d5013c25b22f9,pl_5a86c707c7a02bb972e96808,Paederia scandens (Lour.) Merr.,paederia scandens lour merr,synonym_variant,KNApSAcK World,,,
al_2faf30a917cbc697292dad61,pl_5a9c8b35d40e3306710072ea,Cissampelos pareira L.,cissampelos pareira l,normalized_variant,KNApSAcK World,,,
al_81cb0b8ea157430116483a65,pl_5ae1dc783b3c5803d9d3292e,Dryobalanops aromatica C.F.Gaertn.,dryobalanops aromatica c f gaertn,normalized_variant,KNApSAcK World,,,
al_b8487257b0b5b4c37fd0cdb7,pl_5b3b4d3b1fbaaf637d8c9ad1,Musa × paradisiaca L.,musa paradisiaca l,normalized_variant,KNApSAcK World,,,
al_0bfb712c262555b17ea32671,pl_5b3b4d3b1fbaaf637d8c9ad1,Musa × sapientum L.,musa sapientum l,synonym_variant,KNApSAcK World,,,
al_eac6631afd6fc38d1a7b3c0b,pl_5b4eacf3f6041d6a869eb636,Vanilla planifolia Andrews,vanilla planifolia andrews,normalized_variant,KNApSAcK World,,,
al_0a8aa4340fd341a46bb2eb11,pl_5cbfc09a992e9c5daa336247,Trigonella foenum-graecum L.,trigonella foenum graecum l,normalized_variant,KNApSAcK World,,,
al_a5984d1872393e83a8c34f42,pl_5d88d255b62ab36c75b6dc6e,Sonchus arvensis L.,sonchus arvensis l,normalized_variant,KNApSAcK World,,,
al_bc46ea20c7e3d11d253dfa47,pl_5db2d6b92f2a68d607f69fdd,Platycodon grandiflorus (Jacq.) A.DC.,platycodon grandiflorus jacq a dc,normalized_variant,KNApSAcK World,,,
al_4c64fa5b0d9256d36a1bdc83,pl_5de3b54b7a647c5b526e5c77,Hedychium coronarium J.Koenig,hedychium coronarium j koenig,normalized_variant,KNApSAcK World,,,
al_cf01fd9f30c367bb9dd0e7b0,pl_5e67ada87380b30390fa7577,Lagerstroemia speciosa (L.) Pers.,lagerstroemia speciosa l pers,normalized_variant,KNApSAcK World,,,
al_e6cec7a7efecb6ad2e1b6287,pl_5f2b1ca8df8cdbb523696d0c,Senna siamea (Lam.) H.S.Irwin & Barneby,senna siamea lam h s irwin barneby,normalized_variant,KNApSAcK World,,,
al_80326f59a9d10d2feecba1e9,pl_5f2b1ca8df8cdbb523696d0c,Cassia siamea Lam.,cassia siamea lam,synonym_variant,KNApSAcK World,,,
al_82426ef01db3a7790bb5b2bd,pl_5f78c1138e669bc8cf51c1d4,Garcinia mangostana L.,garcinia mangostana l,normalized_variant,KNApSAcK World,,,
al_34951c526306a53cc910c3f8,pl_5f7e478d1f3d656783411fd8,Baeckea frutescens L.,baeckea frutescens l,normalized_variant,KNApSAcK World,,,
al_01f4774a03c887f35a2d055b,pl_5f97ba25f4fa11235def69ff,Tectona grandis L.f.,tectona grandis l f,normalized_variant,KNApSAcK World,,,
al_d4946b6ffc718aef114244ec,pl_5fc4e4de88a607cff83a2b80,Rosa × damascena Mill.,rosa damascena mill,normalized_variant,KNApSAcK World,,,
al_684b120004c8dff0ea91d809,pl_5fe14f2bbacadd1e99c5aae7,Pontederia crassipes Mart.,pontederia crassipes mart,normalized_variant,KNApSAcK World,,,
al_bbf00e8c4ee1765adff1f482,pl_5fe14f2bbacadd1e99c5aae7,Eichhornia crassipes (Mart.) Solms,eichhornia crassipes mart solms,synonym_variant,KNApSAcK World,,,
al_ad489d3d7ad07c1d74c684cf,pl_60299ff4d78206adf476fb65,Blumea lacera (Burm.fil.) DC.,blumea lacera burm fil dc,normalized_variant,KNApSAcK World,,,
al_6e08c564b698e4e3f52a8096,pl_608bec1a73b31295052e785f,Talinum paniculatum (Jacq.) Gaertn.,talinum paniculatum jacq gaertn,normalized_variant,KNApSAcK World,,,
al_6d7197ac02521d786abc3c8f,pl_60b852f61cbb6bd5899c655c,Aegle marmelos (L.) Corrêa,aegle marmelos l correa,normalized_variant,KNApSAcK World,,,
al_ff6a1aaf0b1f063ce8ff0f1f,pl_60f2129c73ff69efe732ed59,Grona triflora (L.) H.Ohashi & K.Ohashi,grona triflora l h ohashi k ohashi,normalized_variant,KNApSAcK World,,,
al_a93a48583f31731675ba95da,pl_6431b375eed58927a648a67d,Bougainvillea glabra Choisy,bougainvillea glabra choisy,normalized_variant,KNApSAcK World,,,
al_76f5075d7239a2ada3ec6474,pl_64749126c521a0366844e038,Stephania japonica (Thunb.) Miers,stephania japonica thunb miers,normalized_variant,KNApSAcK World,,,
al_7e2378c3fd54cd380b1e6898,pl_64d358fe8ef81dcaab7910c7,Ximenia americana L.,ximenia americana l,normalized_variant,KNApSAcK World,,,
al_906256a592372e903746b84f,pl_65277045f455922f387dc788,Magnolia × alba (DC.) Figlar,magnolia alba dc figlar,normalized_variant,KNApSAcK World,,,
al_05f2105e1f2029096d0df46a,pl_65277045f455922f387dc788,Michelia × alba DC.,michelia alba dc,synonym_variant,KNApSAcK World,,,
al_9e4cd31485d919ac2c539c66,pl_657fe868b8d5ec232f56ab58,Cycas revoluta Thunb.,cycas revoluta thunb,normalized_variant,KNApSAcK World,,,
al_213c50535220a1f832e54571,pl_6675a728f19a8f870e2800cb,Gomphrena globosa L.,gomphrena globosa l,normalized_variant,KNApSAcK World,,,
al_c754d38098c91e59e3f481c4,pl_66efc15a54fbf2ac521ec183,Gardenia jasminoides J.Ellis,gardenia jasminoides j ellis,normalized_variant,KNApSAcK World,,,
al_5781a279b97d3e7105b19d6c,pl_68ef41afe2dec9009224c21d,Plantago major L.,plantago major l,normalized_variant,KNApSAcK World,,,
al_2b722e03e4efebf54a46fe21,pl_693d89d9ed30b6488e616507,Alternanthera philoxeroides (Mart.) Griseb.,alternanthera philoxeroides mart griseb,normalized_variant,KNApSAcK World,,,
al_12e985d99edb9dac5b2446e6,pl_695ac73e10112b41da4fdbdb,Senna alexandrina var. alexandrina,senna alexandrina var alexandrina,normalized_variant,KNApSAcK World,,,
al_f71ed48922d7e9ac5c4b71c1,pl_695ac73e10112b41da4fdbdb,Cassia angustifolia Vahl,cassia angustifolia vahl,synonym_variant,KNApSAcK World,,,
al_a4221ab83d8b411de8cdc7cd,pl_69caf1c7d629f28a2a804c04,Allamanda cathartica L.,allamanda cathartica l,normalized_variant,KNApSAcK World,,,
al_505d8192dc03829ab84789bf,pl_6ac82556910d089cb5d9ec44,Jasminum officinale L.,jasminum officinale l,normalized_variant,KNApSAcK World,,,
al_1d18d6ccf5cc412fc684a065,pl_6ba25400e8819ac16768a21a,Pachyrhizus erosus (L.) Urb.,pachyrhizus erosus l urb,normalized_variant,KNApSAcK World,,,
al_443db8454076ec4beedf5014,pl_6ba25400e8819ac16768a21a,Pachyrrhizus erosus (L.) Urb.,pachyrrhizus erosus l urb,synonym_variant,KNApSAcK World,,,
al_6a939cc39615d9e9cc3278e4,pl_6bb11ae257e4e040e46a57a1,Crocus sativus L.,crocus sativus l,normalized_variant,KNApSAcK World,,,
al_94bc09e301d47e9dc5479411,pl_6c0ee9824243d8efd7e0f533,Brachypterum scandens (Roxb.) Miq.,brachypterum scandens roxb miq,normalized_variant,KNApSAcK World,,,
al_b7b18ca790c59d856f9a4817,pl_6ce1a7fb827ae4ce7c1fabb8,Albizia chinensis (Osbeck) Merr.,albizia chinensis osbeck merr,normalized_variant,KNApSAcK World,,,
al_f6a2e253c27d0a659dc5a9bc,pl_6e1f5e4374db1bcd4740c580,Eclipta alba (L.) Hassk.,eclipta alba l hassk,normalized_variant,KNApSAcK World,,,
al_3b93660370e40cb377399a3f,pl_6eba2075ecdb668334702610,Clitoria ternatea L.,clitoria ternatea l,normalized_variant,KNApSAcK World,,,
al_aab6eec29d2d2796c3c620bb,pl_6ed4db2843f3f96702444a07,Catharanthus roseus (L.) G.Don,catharanthus roseus l g don,normalized_variant,KNApSAcK World,,,
al_e92e6e22d6a4728f5f417d04,pl_6f668d0fccf500480c167eab,Abrus fruticulosus Wall. ex Wight & Arn.,abrus fruticulosus wall ex wight arn,normalized_variant,KNApSAcK World,,,
al_57c008a53887d2ba9dd71442,pl_711c6916e169dc1f9e46b292,Orthosiphon aristatus var. aristatus,orthosiphon aristatus var aristatus,normalized_variant,KNApSAcK World,,,
al_c73722853b6c41ed2e0b94ed,pl_711c6916e169dc1f9e46b292,Orthosiphon stamineus Benth.,orthosiphon stamineus benth,synonym_variant,KNApSAcK World,,,
al_01807c963e21158135b5d5a1,pl_7222db2fb4ec1d7c0b2b4a45,Senna tora (L.) Roxb.,senna tora l roxb,normalized_variant,KNApSAcK World,,,
al_cec479db6f7cb2e098baebc0,pl_7222db2fb4ec1d7c0b2b4a45,Cassia tora L.,cassia tora l,synonym_variant,KNApSAcK World,,,
al_2443192ef0275341aa7167ce,pl_72d182f2fba1743d2bec3716,Scurrula fusca (Blume) G.Don,scurrula fusca blume g don,normalized_variant,KNApSAcK World,,,
al_61863d18cfbdefc6283e8ecc,pl_73299e658fb79639c0db2bf1,Ficus carica L.,ficus carica l,normalized_variant,KNApSAcK World,,,
al_21bf1d70fa0cf0e7405c7071,pl_77b85f88d6ea468c02637f4a,Coleus amboinicus Lour.,coleus amboinicus lour,normalized_variant,KNApSAcK World,,,
al_96ef1bb40b205ed2e05a9f38,pl_7805e27f722a8eb95b4a35e3,Capsicum frutescens L.,capsicum frutescens l,normalized_variant,KNApSAcK World,,,
al_9470e122c09fea551564cf01,pl_783789f39cbbb89d77af60f8,Anredera cordifolia (Ten.) Steenis,anredera cordifolia ten steenis,normalized_variant,KNApSAcK World,,,
al_02bc28392087d49cfa0d05aa,pl_7afe8472ff94139dc997f141,Alpinia officinarum Hance,alpinia officinarum hance,normalized_variant,KNApSAcK World,,,
al_11832ca95eda183820e9acb5,pl_7b72ec1fa77bdb61525fcc88,Citrus medica L.,citrus medica l,normalized_variant,KNApSAcK World,,,
al_a3877e8eff5e329da7af74ce,pl_7bc088918ae011d542ce6dd1,Cannabis sativa L.,cannabis sativa l,normalized_variant,KNApSAcK World,,,
al_93104daa055747e2e753c977,pl_7c0657d68ae65e920f709129,Leucaena leucocephala (Lam.) de Wit,leucaena leucocephala lam de wit,normalized_variant,KNApSAcK World,,,
al_be129aa7841f3689ef83ee08,pl_7c9ac2958197507a726ddbf3,Meistera aculeata (Roxb.) Škorničk. & M.F.Newman,meistera aculeata roxb skornick m f newman,normalized_variant,KNApSAcK World,,,
al_04483643d0788f3ce3c6e916,pl_7c9ac2958197507a726ddbf3,Amomum aculeatum Roxb.,amomum aculeatum roxb,synonym_variant,KNApSAcK World,,,
al_127558016cdff3d7b8dbc490,pl_7ce739c1593db4206a509e5a,Daucus carota L.,daucus carota l,normalized_variant,KNApSAcK World,,,
al_6d9199fb98c37da0a7ce82db,pl_7d50dcb3278e40f50171cb63,Lansium domesticum Corrêa,lansium domesticum correa,normalized_variant,KNApSAcK World,,,
al_b348724f46261659ed97fcad,pl_7d6aefb01e9e1ab8c5d7e5da,Mimusops elengi L.,mimusops elengi l,normalized_variant,KNApSAcK World,,,
al_b50b8a5658a45105ba870226,pl_7da2899ca46b9010e3e22ab9,Litsea cubeba (Lour.) Pers.,litsea cubeba lour pers,normalized_variant,KNApSAcK World,,,
al_4d24826dfb1aa39d7a6f6890,pl_7ee231e502f780ffb4acf132,Triphasia trifolia (Burm.fil.) P.Wilson,triphasia trifolia burm fil p wilson,normalized_variant,KNApSAcK World,,,
al_7baf9fcc064ba9cc71666a13,pl_80657b1276cc789a06f86286,Vitex negundo L.,vitex negundo l,normalized_variant,KNApSAcK World,,,
al_b5bd0ba1ff1fdd5a48800515,pl_80a332d69171da37cc7eb0e2,Taxus wallichiana Zucc.,taxus wallichiana zucc,normalized_variant,KNApSAcK World,,,
al_c6c141512080410a8c74396c,pl_80a332d69171da37cc7eb0e2,Taxus sumatrana (Miq.) de Laub.,taxus sumatrana miq de laub,synonym_variant,KNApSAcK World,,,
al_4ef8ecc4021fdd82c59916b5,pl_80e84744bf504bfbe6c7ff46,Cinnamomum burmanni (Nees & T.Nees) Blume,cinnamomum burmanni nees t nees blume,normalized_variant,KNApSAcK World,,,
al_7bdedae6fa6370ed9c0eccd4,pl_80f7fee2911c53c82bc3f607,Lactuca indica L.,lactuca indica l,normalized_variant,KNApSAcK World,,,
al_664f8e2a9d2f6961676bbd81,pl_81724b2d85973d2cba333b3e,Gaultheria procumbens L.,gaultheria procumbens l,normalized_variant,KNApSAcK World,,,
al_be6e364b54a27bfae401e1d2,pl_81d3886d81a684ad383798a8,Hellenia speciosa (J.Koenig) S.R.Dutta,hellenia speciosa j koenig s r dutta,normalized_variant,KNApSAcK World,,,
al_1cb361cbdd2332ec455b76dc,pl_81d3886d81a684ad383798a8,Costus speciosus (J.Koenig) Sm.,costus speciosus j koenig sm,synonym_variant,KNApSAcK World,,,
al_cb5dfcfb8d1d15d338177416,pl_8208581b8bef355357b8a743,Atropa belladonna L.,atropa belladonna l,normalized_variant,KNApSAcK World,,,
al_3fd85e3fd90e1dd0dfd17b35,pl_82530258c7c5115a711ca515,Stachytarpheta mutabilis (Jacq.) Vahl,stachytarpheta mutabilis jacq vahl,normalized_variant,KNApSAcK World,,,
al_81a73ed63b45516be6f95a12,pl_82d649665da887a7719c63ab,Tabernaemontana corymbosa Roxb. ex Wall.,tabernaemontana corymbosa roxb ex wall,normalized_variant,KNApSAcK World,,,
al_dc8a438404bf07e139a656ae,pl_84303dab876e2207c83da9f7,Eryngium foetidum L.,eryngium foetidum l,normalized_variant,KNApSAcK World,,,
al_0ddf92e245f5628dbc911501,pl_84765aac3c26b00cd4acf2f6,Artemisia vulgaris L.,artemisia vulgaris l,normalized_variant,KNApSAcK World,,,
al_2dab7b97307d9f83afc07f86,pl_849901b794e0adba639b6676,Celosia argentea f. cristata (L.) Schinz,celosia argentea f cristata l schinz,normalized_variant,KNApSAcK World,,,
al_c6454a7ff0d21de2567cd8f2,pl_849901b794e0adba639b6676,Celosia cristata L.,celosia cristata l,synonym_variant,KNApSAcK World,,,
al_b1a5e1aea47f4d1f9f73b29a,pl_849c64062ac8e4ca1483a1ed,Cymbopogon citratus (DC.) Stapf,cymbopogon citratus dc stapf,normalized_variant,KNApSAcK World,,,
al_6a048790b3fc29618daafb11,pl_863b88ade32f0a0e5f7142d1,Curcuma heyneana Valeton & Zijp,curcuma heyneana valeton zijp,normalized_variant,KNApSAcK World,,,
al_f75b718ffddc577c3b6a620b,pl_86581436997d0398765e0054,Hyptis brevipes Poit.,hyptis brevipes poit,normalized_variant,KNApSAcK World,,,
al_e2eb6405caefb2c02b1ea982,pl_866f2b49a0f4a5cef401e242,Hibiscus mutabilis L.,hibiscus mutabilis l,normalized_variant,KNApSAcK World,,,
al_5b7962f28e1873aabca96dc2,pl_8677f03cac29dac836cd091e,Cyanthillium cinereum (L.) H.Rob.,cyanthillium cinereum l h rob,normalized_variant,KNApSAcK World,,,
al_d68382076bbeb9c06442edb6,pl_8677f03cac29dac836cd091e,Vernonia cinerea (L.) Less.,vernonia cinerea l less,synonym_variant,KNApSAcK World,,,
al_8e4e69a40661782c7ec514de,pl_87662cf93475228c71e3f8f8,Alocasia macrorrhizos (L.) G.Don,alocasia macrorrhizos l g don,normalized_variant,KNApSAcK World,,,
al_271c594dd7bfb8c534052580,pl_87662cf93475228c71e3f8f8,Alocasia macrorrhiza (L.) Schott,alocasia macrorrhiza l schott,synonym_variant,KNApSAcK World,,,
al_49fcd6968ad91ee9820f8d88,pl_877a574b07a13af32bb07c2f,Malus sylvestris Mill.,malus sylvestris mill,normalized_variant,KNApSAcK World,,,
al_6e3d6bc006cd7c9cd0a6b589,pl_87a57915dea120d915edda1c,Erythrina subumbrans (Hassk.) Merr.,erythrina subumbrans hassk merr,normalized_variant,KNApSAcK World,,,
al_8da299d417f743aa9fa4cb01,pl_87ff5f5218e677404dff17ff,Zinnia elegans Jacq.,zinnia elegans jacq,normalized_variant,KNApSAcK World,,,
al_05343324266f0a3e616a1566,pl_88445ce1b559618b2e13de24,Taraxacum mongolicum Hand.-Mazz.,taraxacum mongolicum hand mazz,normalized_variant,KNApSAcK World,,,
al_7b1f23c7d0b3c2711fabe6dc,pl_88673f7fb5bc12573398224f,Aleurites moluccanus (L.) Willd.,aleurites moluccanus l willd,normalized_variant,KNApSAcK World,,,
al_fb62ad799aa5d0ef9ec105f8,pl_88da37e7df66c2ebc2cb4a12,Ageratum houstonianum Mill.,ageratum houstonianum mill,normalized_variant,KNApSAcK World,,,
al_eb676044b587f7007acd2c09,pl_890b171b88f7036048c0cbd9,Artemisia abrotanum L.,artemisia abrotanum l,normalized_variant,KNApSAcK World,,,
al_1f409225185231937958d712,pl_89255e91bd02bee21018ed93,Barleria lupulina Lindl.,barleria lupulina lindl,normalized_variant,KNApSAcK World,,,
al_1afdc783e03dc634e6c640d5,pl_892e2b2ab569b73465eabe4d,Anacardium occidentale L.,anacardium occidentale l,normalized_variant,KNApSAcK World,,,
al_28ba7f6c89a1142088abe167,pl_895eb3d7f7a68bc8461971bb,Nephelium lappaceum L.,nephelium lappaceum l,normalized_variant,KNApSAcK World,,,
al_9eefeb1ba22d8b1dddda7f85,pl_89d22fbdf380e916c0e5e40d,Hippobroma longiflora (L.) G.Don,hippobroma longiflora l g don,normalized_variant,KNApSAcK World,,,
al_9b6606c82ba78df648039446,pl_89de919aa752b007fd48b746,Terminalia catappa L.,terminalia catappa l,normalized_variant,KNApSAcK World,,,
al_7ef848c2b95703077eb0cff0,pl_89e1a7a46f292614eabcd362,Uncaria gambir (W.Hunter) Roxb.,uncaria gambir w hunter roxb,normalized_variant,KNApSAcK World,,,
al_ca70d610063df8f89420f045,pl_8a828c23d8a09c4a225c55ab,Phyllanthus niruri L.,phyllanthus niruri l,normalized_variant,KNApSAcK World,,,
al_827aef8842c7e7f009ddfb40,pl_8af32a4a718e49325dbc4249,Cyperus iria L.,cyperus iria l,normalized_variant,KNApSAcK World,,,
al_47ddeb9d021614db07882474,pl_8b6924fd1370eb95d0fe515f,Cananga odorata (Lam.) Hook.f. & Thomson,cananga odorata lam hook f thomson,normalized_variant,KNApSAcK World,,,
al_463586a8405e4b0c3d364ce6,pl_8b6dd00e71eecfd1b9995ad0,Amaranthus tricolor L.,amaranthus tricolor l,normalized_variant,KNApSAcK World,,,
al_b6f8f5bcb6a597908257cd05,pl_8b9429be09d7aa4ed90c0b33,Clausena excavata Burm.fil.,clausena excavata burm fil,normalized_variant,KNApSAcK World,,,
al_7656accc9421cc33a886995d,pl_8ba84a7dc4d44523b044f48c,Zingiber purpureum Roscoe,zingiber purpureum roscoe,normalized_variant,KNApSAcK World,,,
al_4ec669e514e818c97fe78b2c,pl_8ba84a7dc4d44523b044f48c,Zingiber cassumunar Roxb.,zingiber cassumunar roxb,synonym_variant,KNApSAcK World,,,
al_204e40e909de8fba0a423d27,pl_8bcea5a3582e7c7ea784a0ce,Senna sophera (L.) Roxb.,senna sophera l roxb,normalized_variant,KNApSAcK World,,,
al_8490fdcbd378b39a7be52c6a,pl_8c2c0f3e10c7a3ebf5cc94fe,Glochidion rubrum Blume,glochidion rubrum blume,normalized_variant,KNApSAcK World,,,
al_c8d87494f682539d2fe506e0,pl_8d0f9bc1a269d5e0bee112c0,Amaranthus spinosus L.,amaranthus spinosus l,normalized_variant,KNApSAcK World,,,
al_8b52f4ef39723bafa6558b3c,pl_8d34012799093b9d833d7276,Eupatorium riparium Sch.Bip. ex Schnittsp.,eupatorium riparium sch bip ex schnittsp,normalized_variant,KNApSAcK World,,,
al_0033ce705dc57d78c3bc0b31,pl_8d51a2c818104911e8b233c6,Tinospora glabra (Burm.fil.) Merr.,tinospora glabra burm fil merr,normalized_variant,KNApSAcK World,,,
al_56cc020870a6146aee15aac5,pl_8dc0ac41429f9edade790c74,Brassica oleracea L.,brassica oleracea l,normalized_variant,KNApSAcK World,,,
al_05a1138241dc89c2dc2df2eb,pl_8dcb42de627594ce59b1cdec,Datura stramonium L.,datura stramonium l,normalized_variant,KNApSAcK World,,,
al_c9b924bb57fa8c9cf7e3d6d8,pl_8deb09eade3395feea7630df,Elateriospermum tapos Blume,elateriospermum tapos blume,normalized_variant,KNApSAcK World,,,
al_afac02c9268055868ecc7b86,pl_8e6530577f520da9a813be53,Carica papaya L.,carica papaya l,normalized_variant,KNApSAcK World,,,
al_2b6b15e1fff26a2b672228a5,pl_8e9164f90dcca6c7f975357b,Mentha arvensis L.,mentha arvensis l,normalized_variant,KNApSAcK World,,,
al_e56ebcbd7e7773045469a406,pl_8edfbcc4c28882b6897f4040,Brucea javanica (L.) Merr.,brucea javanica l merr,normalized_variant,KNApSAcK World,,,
al_52122bfad1e9789cb5d2bf30,pl_8ef0c3added927801a11de9a,Callicarpa candicans (Burm.f.) Hochr.,callicarpa candicans burm f hochr,normalized_variant,KNApSAcK World,,,
al_829711e6f893cade8f1841d1,pl_8f23d1af0cc4e386e0fc4727,Luvunga sarmentosa (Blume) Kurz,luvunga sarmentosa blume kurz,normalized_variant,KNApSAcK World,,,
al_9e0de0edc5c86b383e46c423,pl_8fcb47efc2eab10931302558,Senna alata (L.) Roxb.,senna alata l roxb,normalized_variant,KNApSAcK World,,,
al_51ed885246a7cc53348c4882,pl_8fcb47efc2eab10931302558,Cassia alata L.,cassia alata l,synonym_variant,KNApSAcK World,,,
al_1af0e75824e87fa068143ac2,pl_9000521be29ca63d72d98264,Euphorbia neriifolia L.,euphorbia neriifolia l,normalized_variant,KNApSAcK World,,,
al_073d51341c8f148765e16ea3,pl_90833138cca6636a0c9a6d86,Brachypterum robustum (Roxb. ex DC.) Dalzell & A.Gibson,brachypterum robustum roxb ex dc dalzell a gibson,normalized_variant,KNApSAcK World,,,
al_94cee9b83694329f3514a96d,pl_90833138cca6636a0c9a6d86,Derris robusta (Roxb. ex DC.) Benth.,derris robusta roxb ex dc benth,synonym_variant,KNApSAcK World,,,
al_6c735063c3e5890d4ed033bc,pl_90a84ce3e7e4e7ecc86d789f,Solanum tuberosum L.,solanum tuberosum l,normalized_variant,KNApSAcK World,,,
al_5cc6fcdfb098e0126ab0e68b,pl_90fb795b5e9ad16eed2731ce,Paederia foetida L.,paederia foetida l,normalized_variant,KNApSAcK World,,,
al_3cb38a3773c69da32359252a,pl_9110a3884af61aeb1c3b57ca,Echinacea purpurea (L.) Moench,echinacea purpurea l moench,normalized_variant,KNApSAcK World,,,
al_eee330af172551b8b22f1907,pl_9117311f26b64f487b9a6e13,Plumbago zeylanica L.,plumbago zeylanica l,normalized_variant,KNApSAcK World,,,
al_67bb04f0f8ff3c9429b6a665,pl_9139624bbb5b54739311c1cf,Annona mucosa Jacq.,annona mucosa jacq,normalized_variant,KNApSAcK World,,,
al_b059b12b24bbefa8cc966abc,pl_9139624bbb5b54739311c1cf,Rollinia mucosa (Jacq.) Baill.,rollinia mucosa jacq baill,synonym_variant,KNApSAcK World,,,
al_d8d30e8d06f5e0863e55df73,pl_913fa3cbc7a89bad547bfe35,Cyclea barbata Miers,cyclea barbata miers,normalized_variant,KNApSAcK World,,,
al_fcf71c74733fa809ca943294,pl_9162e2d58889086e9a77bf35,Agathis dammara (Lamb.) Rich. & A.Rich.,agathis dammara lamb rich a rich,normalized_variant,KNApSAcK World,,,
al_eb47c91e005022082fc7d3ea,pl_9212f9fa515ab4a24d6cbee6,Combretum indicum (L.) De Filipps,combretum indicum l de filipps,normalized_variant,KNApSAcK World,,,
al_0bb0ac3b42167672363a15e3,pl_934b6607b60d8526cd786ca8,Clinacanthus nutans (Burm.fil.) Lindau,clinacanthus nutans burm fil lindau,normalized_variant,KNApSAcK World,,,
al_e96c8e352de2cf96e11b4a2f,pl_93abc35ddadb6a1bb33d770b,Platycladus orientalis (L.) Franco,platycladus orientalis l franco,normalized_variant,KNApSAcK World,,,
al_05c829bbf19ef8a101c7e8c1,pl_963bc16ae3d2b489ed2ee26c,Acanthus ilicifolius L.,acanthus ilicifolius l,normalized_variant,KNApSAcK World,,,
al_aae851f754400de25b386cff,pl_9660d5de1c581e9c3e947173,Erigeron sumatrensis Retz.,erigeron sumatrensis retz,normalized_variant,KNApSAcK World,,,
al_554ebf6647e23d7f9aa22c81,pl_96c6e22d265a50adaf93c0b8,Pandanus amaryllifolius Roxb. ex Lindl.,pandanus amaryllifolius roxb ex lindl,normalized_variant,KNApSAcK World,,,
al_f1380dc64d82fec7b466a567,pl_96dbe0d2cbd244a86b7765ea,Persea americana Mill.,persea americana mill,normalized_variant,KNApSAcK World,,,
al_f909d09935cb5474d3861656,pl_96dbe0d2cbd244a86b7765ea,Persea gratissima C.F.Gaertn.,persea gratissima c f gaertn,synonym_variant,KNApSAcK World,,,
al_83fb86c7eef29ff528e3710b,pl_96df99d77b04406f38ecc86d,Piper betle L.,piper betle l,normalized_variant,KNApSAcK World,,,
al_68d5145591a44137dbcb4d2c,pl_9740bc5a9387f32f089804e0,Leptospermum polygalifolium subsp. polygalifolium,leptospermum polygalifolium subsp polygalifolium,normalized_variant,KNApSAcK World,,,
al_25ca42bf32abd33d413044ea,pl_9740bc5a9387f32f089804e0,Leptospermum flavescens J.E.Sm.,leptospermum flavescens j e sm,synonym_variant,KNApSAcK World,,,
al_90032021cde690fecc502650,pl_977ed947f077aad57ca5164f,Zephyranthes candida Herb.,zephyranthes candida herb,normalized_variant,KNApSAcK World,,,
al_e3e1a093123926e25b71d5e2,pl_97950c0dd97e962c8047d93d,Benincasa hispida (Thunb.) Cogn.,benincasa hispida thunb cogn,normalized_variant,KNApSAcK World,,,
al_75d12c2e2701cddb20b34afe,pl_99ff8f13e6aa92b50f96538f,Coffea arabica L.,coffea arabica l,normalized_variant,KNApSAcK World,,,
al_fca35d8dada5b8fc3241f539,pl_9a4311093c22ee0c5e9b2a80,Pangium edule Reinw.,pangium edule reinw,normalized_variant,KNApSAcK World,,,
al_ca8cb836e897134f466cb6b8,pl_9a48a90b143e880ace5a3e9a,Jatropha gossypiifolia L.,jatropha gossypiifolia l,normalized_variant,KNApSAcK World,,,
al_0040184fbf36d2d51cbac859,pl_9a492b2802b778c93fe6b1c1,Millingtonia hortensis L.fil.,millingtonia hortensis l fil,normalized_variant,KNApSAcK World,,,
al_1b017a91fd3a2560a49b6fac,pl_9a7ad6d6e47ba4718b7b4845,Heliotropium indicum L.,heliotropium indicum l,normalized_variant,KNApSAcK World,,,
al_c2a59bd19800064f2ebf7fd3,pl_9aaada071e10418f0d1a4739,Citrullus lanatus (Thunb.) Matsum. & Nakai,citrullus lanatus thunb matsum nakai,normalized_variant,KNApSAcK World,,,
al_6d6062d1979806f17360a5da,pl_9aaada071e10418f0d1a4739,Citrullus vulgaris Schrad.,citrullus vulgaris schrad,synonym_variant,KNApSAcK World,,,
al_6bbda4a0c69c4511f441f8f8,pl_9b4f61a620920de041a7580b,Terminalia bellirica (Gaertn.) Roxb.,terminalia bellirica gaertn roxb,normalized_variant,KNApSAcK World,,,
al_16fe5f246b2410c22a322a91,pl_9c6a391ec298dd0dee69a29c,Abelmoschus manihot (L.) Medik.,abelmoschus manihot l medik,normalized_variant,KNApSAcK World,,,
al_a01600e83b298f7efb001304,pl_9c7b7cbed00d03974ce6535d,Durio zibethinus Murray,durio zibethinus murray,normalized_variant,KNApSAcK World,,,
al_47bf5e58f7a5d1309a0bda8b,pl_9d37727b0d29dfe3869aeb25,Datura stramonium var. tatula (L.) Torr.,datura stramonium var tatula l torr,normalized_variant,KNApSAcK World,,,
al_649658bfa4f4df950478a960,pl_9d37727b0d29dfe3869aeb25,Datura tatula L.,datura tatula l,synonym_variant,KNApSAcK World,,,
al_b3335c2e61e4153677307d58,pl_9d9995926d0a2a46f676fdc6,Sechium edule (Jacq.) Sw.,sechium edule jacq sw,normalized_variant,KNApSAcK World,,,
al_f2f24951b9a510f91a123eba,pl_9dc185a6c44f3d7fef159d3a,Zea mays L.,zea mays l,normalized_variant,KNApSAcK World,,,
al_df2cfd7014e65b95ce0ff3ed,pl_9e041dc56eedbc723f1deb57,Leonurus japonicus Houtt.,leonurus japonicus houtt,normalized_variant,KNApSAcK World,,,
al_2147b1335e85a0f0db5b5d08,pl_9e041dc56eedbc723f1deb57,Leonurus heterophyllus Sweet,leonurus heterophyllus sweet,synonym_variant,KNApSAcK World,,,
al_1d631a2e0ea994059e651cc1,pl_9e5c0b8b7ee89e7b815a0f56,Salvia splendens Sellow ex Nees,salvia splendens sellow ex nees,normalized_variant,KNApSAcK World,,,
al_8b79023e59823dcec09597f4,pl_9ed1d1c3a02553529b3c900f,Rosa chinensis Jacq.,rosa chinensis jacq,normalized_variant,KNApSAcK World,,,
al_e4917e2c6df56099fb65a4ab,pl_9ef871127c42ba3b48448bb0,Colocasia esculenta (L.) Schott,colocasia esculenta l schott,normalized_variant,KNApSAcK World,,,
al_e13394bb951dab638c6fc768,pl_9f69c7f299aeabcd3a0224e5,Euphorbia tithymaloides L.,euphorbia tithymaloides l,normalized_variant,KNApSAcK World,,,
al_cc55984c3173c4f797c3ba0e,pl_9f69c7f299aeabcd3a0224e5,Pedilanthus tithymaloides (L.) Poit.,pedilanthus tithymaloides l poit,synonym_variant,KNApSAcK World,,,
al_a34ff29cf31a830f745a592e,pl_9fc5169633139fa684a29790,Tabernaemontana divaricata (L.) R.Br. ex Roem. & Schult.,tabernaemontana divaricata l r br ex roem schult,normalized_variant,KNApSAcK World,,,
al_4d49fccad0ef9fa04f272eaf,pl_a01f09fdabbf66a0a28ae7b4,Broussonetia papyrifera (L.) L'Hér. ex Vent.,broussonetia papyrifera l l her ex vent,normalized_variant,KNApSAcK World,,,
al_0b05fbe36235741ae372dcd6,pl_a01f09fdabbf66a0a28ae7b4,Morus australis Poir.,morus australis poir,synonym_variant,KNApSAcK World,,,
al_be9953fda2df4e64fc612e9c,pl_a0b1da152a310eb5320d8652,Oryza sativa L.,oryza sativa l,normalized_variant,KNApSAcK World,,,
al_bfe9bf87bd6ce209f5c0998a,pl_a2250fae95228872428ad45d,Kaempferia galanga L.,kaempferia galanga l,normalized_variant,KNApSAcK World,,,
al_1696bf6e8c017a29712dbaee,pl_a3019c402f3e5f38ae8f186d,Thymus vulgaris L.,thymus vulgaris l,normalized_variant,KNApSAcK World,,,
al_83168a4086a7f35caf765384,pl_a327025dbe199366b0083b29,Solanum nigrum L.,solanum nigrum l,normalized_variant,KNApSAcK World,,,
al_c02c28b72821c32a65fa4f31,pl_a4a671e90a1ecf0ee77c643a,Portulaca oleracea L.,portulaca oleracea l,normalized_variant,KNApSAcK World,,,
al_e2425163494400e1137982b0,pl_a4bda7b81a8fd93e090cd685,Ipomoea quamoclit L.,ipomoea quamoclit l,normalized_variant,KNApSAcK World,,,
al_6a5c1700800ff047494071c7,pl_a4bda7b81a8fd93e090cd685,Quamoclit pennata Bojer,quamoclit pennata bojer,synonym_variant,KNApSAcK World,,,
al_71b884143392bbeb2aae2565,pl_a6809729d1011630c01f2e41,Artocarpus heterophyllus Lam.,artocarpus heterophyllus lam,normalized_variant,KNApSAcK World,,,
al_ff0506b47796075f715f1a66,pl_a70154744e69a4839b409d6a,Lagerstroemia indica L.,lagerstroemia indica l,normalized_variant,KNApSAcK World,,,
al_81f273f352fc957284434937,pl_a74879b11a5e62496774c41c,Erythrina subumbrans (Hassk.) Merr.,erythrina subumbrans hassk merr,normalized_variant,KNApSAcK World,,,
al_0e1a6fe05cc5f4c495f9ea61,pl_a74879b11a5e62496774c41c,Erythrina lithosperma Blume ex Miq.,erythrina lithosperma blume ex miq,synonym_variant,KNApSAcK World,,,
al_28df4a37f361ff182276b9db,pl_a7f3312c85ad1a8079e66057,Tinospora crispa (L.) Miers ex Hook.fil. & Thomson,tinospora crispa l miers ex hook fil thomson,normalized_variant,KNApSAcK World,,,
al_964989b68819fee4ddc79666,pl_a7f3312c85ad1a8079e66057,Tinospora tuberculata (Lam.) Beumée ex K.Heyne,tinospora tuberculata lam beumee ex k heyne,synonym_variant,KNApSAcK World,,,
al_41aac6757b1fd214c8662306,pl_a80a0ee5b504f0d43146cecd,Stachytarpheta jamaicensis (L.) Vahl,stachytarpheta jamaicensis l vahl,normalized_variant,KNApSAcK World,,,
al_584fe9adf91d20b4ffdcc763,pl_a8a25b144229a02b83b69c9a,Manihot esculenta Crantz,manihot esculenta crantz,normalized_variant,KNApSAcK World,,,
al_261668104943155afb60009f,pl_a91d44e588322a1045e7396e,Helianthus annuus L.,helianthus annuus l,normalized_variant,KNApSAcK World,,,
al_ce157db92aefce11836a47e1,pl_a9bd015cdecc1174b9c3ddd7,Hevea brasiliensis (Willd. ex A.Juss.) Müll.Arg.,hevea brasiliensis willd ex a juss mull arg,normalized_variant,KNApSAcK World,,,
al_db7a0449c11645b5a9486a63,pl_aa07cc7bc472925e3e15db11,Phyllanthus emblica L.,phyllanthus emblica l,normalized_variant,KNApSAcK World,,,
al_d1a2eb1bd78e00d247ab892c,pl_aa514719b6ba446dd83e82d9,Ocimum basilicum L.,ocimum basilicum l,normalized_variant,KNApSAcK World,,,
al_03c7097b846bd9b6f89ba665,pl_aa9ee13020cd1db39bd6a44e,Hydrocotyle sibthorpioides Lam.,hydrocotyle sibthorpioides lam,normalized_variant,KNApSAcK World,,,
al_47cf4f4a1bc256e6c21c2f0b,pl_aaf5d8b7147623edafbe2fbf,Syzygium aromaticum (L.) Merr. & L.M.Perry,syzygium aromaticum l merr l m perry,normalized_variant,KNApSAcK World,,,
al_f6f6c33ac87970b53d111f4f,pl_aaf5d8b7147623edafbe2fbf,Eugenia caryophyllata Thunb.,eugenia caryophyllata thunb,synonym_variant,KNApSAcK World,,,
al_287d1aca6541de60dde0be97,pl_ab797335b2379dbf2f966523,Orthosiphon aristatus (Blume) Miq.,orthosiphon aristatus blume miq,normalized_variant,KNApSAcK World,,,
al_19dd322daa09765afed86c4d,pl_abb79f8c026b29348a5c896f,Ficus microcarpa L.fil.,ficus microcarpa l fil,normalized_variant,KNApSAcK World,,,
al_0e9362695b47e18acc7d9a34,pl_abe6ce2ac05fd71ed2e44d7a,Artemisia cina O.C.Berg & Schmidt,artemisia cina o c berg schmidt,normalized_variant,KNApSAcK World,,,
al_f031ddf2a99380f4a9416f48,pl_ac9dc0ad209bdd58a7ae6ce8,Derris trifoliata Lour.,derris trifoliata lour,normalized_variant,KNApSAcK World,,,
al_3fab5be574fdce43c6de91ff,pl_adbc8e38ff489953dfae889b,Vigna radiata (L.) R.Wilczek,vigna radiata l r wilczek,normalized_variant,KNApSAcK World,,,
al_54657e5cd449a05a1a3e05ac,pl_adcf8ce46717055c6936dc05,Phaleria macrocarpa (Scheff.) Boerl.,phaleria macrocarpa scheff boerl,normalized_variant,KNApSAcK World,,,
al_0ad7a2abca8054f1db8d782c,pl_ae6157943a8763f2138c901a,Cibotium barometz (L.) J.Sm.,cibotium barometz l j sm,normalized_variant,KNApSAcK World,,,
al_ff792810d67104444d6629fe,pl_aed02fefb43a5f0225a3aaa5,Tarenaya houtteana (Schltdl.) Soares Neto & Roalson,tarenaya houtteana schltdl soares neto roalson,normalized_variant,KNApSAcK World,,,
al_3fe4c38cacb5dfe4b9141aaf,pl_af05af259c8b2ed92454a55f,Ricinus communis L.,ricinus communis l,normalized_variant,KNApSAcK World,,,
al_9f4ebc5e14e125ff88539f4e,pl_b0133f9d541a67e77134345d,Curcuma longa L.,curcuma longa l,normalized_variant,KNApSAcK World,,,
al_dcd6df7b4d6769396d952997,pl_b0ee93392caacb20d0d0d126,Ticanto crista (L.) R.Clark & Gagnon,ticanto crista l r clark gagnon,normalized_variant,KNApSAcK World,,,
al_13ae4445f2be1d42372170ae,pl_b15f24cd09ea0872ba543fa7,Mussaenda pubescens Dryand.,mussaenda pubescens dryand,normalized_variant,KNApSAcK World,,,
al_46900957ab8d1ba31b76f816,pl_b224bb8b903beb3814485d1f,Punica granatum L.,punica granatum l,normalized_variant,KNApSAcK World,,,
al_51582a433c59461318d169c1,pl_b2df03dc98458cf9646f5e47,Eleutherine bulbosa (Mill.) Urb.,eleutherine bulbosa mill urb,normalized_variant,KNApSAcK World,,,
al_c2e68558bce8d913576eb5e3,pl_b2df03dc98458cf9646f5e47,Eleutherine americana (Aubl.) Merr. ex K.Heyne,eleutherine americana aubl merr ex k heyne,synonym_variant,KNApSAcK World,,,
al_8022fba4ac557e3fa391f990,pl_b337ad597b2ded45b30e44ad,Cola acuminata (P.Beauv.) Schott & Endl.,cola acuminata p beauv schott endl,normalized_variant,KNApSAcK World,,,
al_85abc90e528b3279de7dc02a,pl_b4350d549439304f41ab39ab,Euphorbia tirucalli L.,euphorbia tirucalli l,normalized_variant,KNApSAcK World,,,
al_0eec742ef22aee4483ecddb8,pl_b4ad89cc4f32c33c40713d06,Curcuma xanthorrhiza D.Dietr.,curcuma xanthorrhiza d dietr,normalized_variant,KNApSAcK World,,,
al_f17de34a11bb81402eca87dc,pl_b4cfb75bfbc335b2841c7c84,Annona squamosa L.,annona squamosa l,normalized_variant,KNApSAcK World,,,
al_2c085a8b5e7d42468e3fc588,pl_b54f22cbd75a79c18d2827a9,Oxalis corniculata L.,oxalis corniculata l,normalized_variant,KNApSAcK World,,,
al_eaaafa476303003311a72e72,pl_b55495fa02d0c0a939d5e09c,Mallotus philippensis (Lam.) Müll.Arg.,mallotus philippensis lam mull arg,normalized_variant,KNApSAcK World,,,
al_dc876b1117b240bda75208e8,pl_b5a5f791c747de44862a8b90,Mikania micrantha Kunth,mikania micrantha kunth,normalized_variant,KNApSAcK World,,,
al_1e9631bc60ed4193e0ec78e5,pl_b5da35a94e04c1ebf2d1496e,Angelica keiskei (Miq.) Koidz.,angelica keiskei miq koidz,normalized_variant,KNApSAcK World,,,
al_4bb4b6c8c7bb142d32617c9d,pl_b5f86d49115ab4f066db8d30,Cassia fistula L.,cassia fistula l,normalized_variant,KNApSAcK World,,,
al_4eb117f5262055f9c4c89846,pl_b65f58f8dc26a7e0488803a4,Arcangelisia flava (L.) Merr.,arcangelisia flava l merr,normalized_variant,KNApSAcK World,,,
al_e38517898b7f7c15d9b7c713,pl_b6e07477374b5a542098d2e6,Sesbania sesban (L.) Merr.,sesbania sesban l merr,normalized_variant,KNApSAcK World,,,
al_b8cd77766987cf2a9c7f4214,pl_b7163225491b453c3af1d0a5,Fabisporus sanguineus (L.) Zmitr.,fabisporus sanguineus l zmitr,normalized_variant,KNApSAcK World,,,
al_efecec24050d8c69f8dd3d94,pl_b7163225491b453c3af1d0a5,Pycnoporus sanguineus (L.) Murrill,pycnoporus sanguineus l murrill,synonym_variant,KNApSAcK World,,,
al_ed2a04af7b096a9d39a98027,pl_b9779a1f47de09367643c06a,Caesalpinia major Brenan,caesalpinia major brenan,normalized_variant,KNApSAcK World,,,
al_7185e457c347a20e58d1c591,pl_ba14d4f21d6b472af88f77fa,Acalypha indica L.,acalypha indica l,normalized_variant,KNApSAcK World,,,
al_00865e8a88e962d6ef6c46f9,pl_ba7311e97732daee110adf21,Urceola laevigata (Juss.) D.J.Middleton & Livsh.,urceola laevigata juss d j middleton livsh,normalized_variant,KNApSAcK World,,,
al_a254a7bbfd70739b982025b0,pl_ba7311e97732daee110adf21,Parameria laevigata (Juss.) Moldenke,parameria laevigata juss moldenke,synonym_variant,KNApSAcK World,,,
al_64292d7c7bfab95e14ab9e7d,pl_bb3c626b01c40da7938c2542,Passiflora foetida L.,passiflora foetida l,normalized_variant,KNApSAcK World,,,
al_245cbd1d57287a806b9e3806,pl_bbadc4b81d50648d6b77dd64,Papaver somniferum L.,papaver somniferum l,normalized_variant,KNApSAcK World,,,
al_507b18f1574c4a4fc36b3ca1,pl_bcae263bad1b90cf4cb0cd3a,Pandanus conoideus Lam.,pandanus conoideus lam,normalized_variant,KNApSAcK World,,,
al_2fdc8d5bc99145718e460fb5,pl_bd01a011b5ff54eaa4a591ee,Crinum asiaticum L.,crinum asiaticum l,normalized_variant,KNApSAcK World,,,
al_b21415486801aa5bb584743e,pl_bd5b8063de478a82191b3239,Mesosphaerum pectinatum (L.) Kuntze,mesosphaerum pectinatum l kuntze,normalized_variant,KNApSAcK World,,,
al_e443d140fe6b72f9f716fdfe,pl_bd5b8063de478a82191b3239,Hyptis pectinata (L.) Poit.,hyptis pectinata l poit,synonym_variant,KNApSAcK World,,,
al_fbd083fc72a4b8e7c600e7eb,pl_be0622f6cb35259c927b9e04,Dysoxylum acutangulum Miq.,dysoxylum acutangulum miq,normalized_variant,KNApSAcK World,,,
al_6ecb13a4dfb9e241833a18ff,pl_be44ada82df1b41ddc7aa1fe,Persea americana Mill.,persea americana mill,normalized_variant,KNApSAcK World,,,
al_0ce253a95ce04d6f3575316d,pl_be8627242c62d56dbbad526e,Asclepias curassavica L.,asclepias curassavica l,normalized_variant,KNApSAcK World,,,
al_175817c31e4ccb2b5829565d,pl_bec6269da8ada12262c4a91f,"Eugenia aromatica Kuntze, 1891",eugenia aromatica kuntze 1891,normalized_variant,KNApSAcK World,,,
al_0cd5c73a7719083a30b7352f,pl_bece0903080e1a6ceaa09878,Duranta erecta L.,duranta erecta l,normalized_variant,KNApSAcK World,,,
al_d793e24fd6daef68df1dcbdc,pl_bece0903080e1a6ceaa09878,Duranta repens L.,duranta repens l,synonym_variant,KNApSAcK World,,,
al_d167378fec528c0fd7a63c0b,pl_bf36045f554639d9e1a91fda,Curcuma longa L.,curcuma longa l,normalized_variant,KNApSAcK World,,,
al_8c18ceb2a712584148bea859,pl_bf36045f554639d9e1a91fda,Curcuma domestica Valeton,curcuma domestica valeton,synonym_variant,KNApSAcK World,,,
al_f04e1c1e100a2492415495ad,pl_bf36045f554639d9e1a91fda,Curcuma soloensis Valeton,curcuma soloensis valeton,synonym_variant,KNApSAcK World,,,
al_c1dc052400a445370cc0c521,pl_bf6472e791546886c0ef8098,Artocarpus altilis (Parkinson) Fosberg,artocarpus altilis parkinson fosberg,normalized_variant,KNApSAcK World,,,
al_6b43e617a7555f6bc3a46dfb,pl_bfb5fd9b7b3f34fdf17c8bd4,Canna indica L.,canna indica l,normalized_variant,KNApSAcK World,,,
al_15522fda31a4e29219772f0b,pl_bfb5fd9b7b3f34fdf17c8bd4,Canna edulis Ker Gawl.,canna edulis ker gawl,synonym_variant,KNApSAcK World,,,
al_4dab823f0e4ed3a828f440d7,pl_c0341187da62aacd80f293d0,Phyllanthus reticulatus Poir.,phyllanthus reticulatus poir,normalized_variant,KNApSAcK World,,,
al_8eafe4ef2fd6da72caaf85c2,pl_c0405ce47863173c0bfbbd0e,Phyllanthus acidus (L.) Skeels,phyllanthus acidus l skeels,normalized_variant,KNApSAcK World,,,
al_0efee9eb02af8b184d32b0c9,pl_c17a12d48b78908ea2278af4,Cuminum cyminum L.,cuminum cyminum l,normalized_variant,KNApSAcK World,,,
al_b19b3189a77cf555d58623a3,pl_c2567949872dfe5b5c1e7ffc,Euphorbia milii Des Moul.,euphorbia milii des moul,normalized_variant,KNApSAcK World,,,
al_fd4f50f93e94cd2cb946305d,pl_c2ba1b8f867456321ab75d99,Euphorbia prostrata Aiton,euphorbia prostrata aiton,normalized_variant,KNApSAcK World,,,
al_d02925b5634bec0d97dbb6d9,pl_c31db5c702d401ac522c3daa,Abutilon indicum (L.) Sweet,abutilon indicum l sweet,normalized_variant,KNApSAcK World,,,
al_1563ae029bffdfc747b9eb3c,pl_c36862b33ce4049fb8191d96,Strobilanthes crispa (L.) Blume,strobilanthes crispa l blume,normalized_variant,KNApSAcK World,,,
al_1472bf71cde4ad895f25b8d8,pl_c3f4f91925e37a3f209eac82,Madhuca longifolia var. latifolia (Roxb.) A.Chev.,madhuca longifolia var latifolia roxb a chev,normalized_variant,KNApSAcK World,,,
al_f6ea33a1174002dc5e86699a,pl_c3f4f91925e37a3f209eac82,Madhuca indica J.F.Gmel.,madhuca indica j f gmel,synonym_variant,KNApSAcK World,,,
al_98a57459d28aafb428693613,pl_c405a8c77c5b418e6762fc3c,Senna tora (L.) Roxb.,senna tora l roxb,normalized_variant,KNApSAcK World,,,
al_78041e3ae97d86e398449180,pl_c42cc1f693d759b3ffd07dbd,Styrax benzoin Dryand.,styrax benzoin dryand,normalized_variant,KNApSAcK World,,,
al_215700799c683edce8a59061,pl_c4ac04c59e6b4600d38a7a50,Oldenlandia corymbosa L.,oldenlandia corymbosa l,normalized_variant,KNApSAcK World,,,
al_6356e0cb5ff33e1a332f3d3d,pl_c4e823a94dc8eb0568f15550,Raphanus sativus L.,raphanus sativus l,normalized_variant,KNApSAcK World,,,
al_95b6b54d9bc4a6bc851316f6,pl_c4ebe8676ce6ca4b4ce2da29,Blumea balsamifera (L.) DC.,blumea balsamifera l dc,normalized_variant,KNApSAcK World,,,
al_dcdc8c77d3b9471ea01b0870,pl_c4f64d659045302053b0d2e5,Momordica charantia L.,momordica charantia l,normalized_variant,KNApSAcK World,,,
al_57513fa6aac7299da0ba35e1,pl_c55d8fffe4dd4a618de24f42,Carapichea ipecacuanha (Brot.) L.Andersson,carapichea ipecacuanha brot l andersson,normalized_variant,KNApSAcK World,,,
al_1c869df754858e6d72719423,pl_c55d8fffe4dd4a618de24f42,Cephaelis ipecacuanha (Brot.) A.Rich.,cephaelis ipecacuanha brot a rich,synonym_variant,KNApSAcK World,,,
al_4c3a9fa45f4863eeb4a8f5b7,pl_c616ec70612294980f7b6a68,Carthamus tinctorius L.,carthamus tinctorius l,normalized_variant,KNApSAcK World,,,
al_2cd9cd7531382f6d0de60b5c,pl_c64b2b43a35fefd2d38a5fbc,Rhinacanthus nasutus (L.) Kuntze,rhinacanthus nasutus l kuntze,normalized_variant,KNApSAcK World,,,
al_26ad2a18e32d63096badf02b,pl_c6626827fdf1ef9cea78a3c7,Ginkgo biloba L.,ginkgo biloba l,normalized_variant,KNApSAcK World,,,
al_b64ed57057e8eca7faacf30d,pl_c71ab4756a601473f90f24c2,Pluchea indica (L.) Less.,pluchea indica l less,normalized_variant,KNApSAcK World,,,
al_cdb42359d6205a3d16839e64,pl_c7b03cb5665c8cb28e3cd2ce,Helicteres isora L.,helicteres isora l,normalized_variant,KNApSAcK World,,,
al_4a71246dbbd7c4c794d93299,pl_c7bec6ecdf945e5d57fff28c,Citrus × aurantium L.,citrus aurantium l,normalized_variant,KNApSAcK World,,,
al_f4c80091da60e8f292fc7475,pl_c85fefd21b04077e38557546,Datura metel L.,datura metel l,normalized_variant,KNApSAcK World,,,
al_c8e1d363f8fc3a31f60490f6,pl_c9085e675f24f39cfd0147fa,Bauhinia purpurea L.,bauhinia purpurea l,normalized_variant,KNApSAcK World,,,
al_3b0d68197b28a90cf36f70ae,pl_ca4aa4b76b180ba7ea05a2eb,Tamarindus indica L.,tamarindus indica l,normalized_variant,KNApSAcK World,,,
al_343f81ec3ec598561872f808,pl_cb5357ec08e368c6712eec32,Cassytha filiformis L.,cassytha filiformis l,normalized_variant,KNApSAcK World,,,
al_2f5e53dd8555b7f753acc667,pl_cc01f3f628288e62ad1f41f3,Peperomia pellucida (L.) Kunth,peperomia pellucida l kunth,normalized_variant,KNApSAcK World,,,
al_ea76c029cb142fd0d16b5998,pl_cc051b38d6ad21ab37b447fb,"Desmodium gangeticum Puri, 1951",desmodium gangeticum puri 1951,normalized_variant,KNApSAcK World,,,
al_592fc085d7f595efffb0ad5d,pl_cc122d9b4404c14b80ec0b5b,Ayapana triplinervis (Vahl) R.M.King & H.Rob.,ayapana triplinervis vahl r m king h rob,normalized_variant,KNApSAcK World,,,
al_35b05e683d7c62b7aad83184,pl_cc122d9b4404c14b80ec0b5b,Eupatorium triplinerve Vahl,eupatorium triplinerve vahl,synonym_variant,KNApSAcK World,,,
al_da43ddd58590e2973d4f625a,pl_ce4e3d01a65bdaa0227884b4,Curcuma aeruginosa Roxb.,curcuma aeruginosa roxb,normalized_variant,KNApSAcK World,,,
al_cdc7109c9b6c40f493d28b4f,pl_ce585943e5703086ea9112e4,Premna corymbosa Rottler,premna corymbosa rottler,normalized_variant,KNApSAcK World,,,
al_e48b49743eab9ee56f974d74,pl_cf6d1daf2404cb318bf952c2,Abelmoschus moschatus (L.) Medik.,abelmoschus moschatus l medik,normalized_variant,KNApSAcK World,,,
al_7fb694de32d1d922016cf396,pl_d0666106e296083354abc115,Dioscorea hispida Dennst.,dioscorea hispida dennst,normalized_variant,KNApSAcK World,,,
al_85f7c9b1024b5f6c2b90c2f1,pl_d0ef71b75e02f1db87a475d0,Allium fistulosum L.,allium fistulosum l,normalized_variant,KNApSAcK World,,,
al_fad89317b5d954073f8bc0a0,pl_d101bf550a4f326a2adfc463,Solanum melongena L.,solanum melongena l,normalized_variant,KNApSAcK World,,,
al_5b5b5c6e5b7fa8bc6306786c,pl_d1626f302a8e59c9bfb09fc7,Phyllodium pulchellum (L.) Desv.,phyllodium pulchellum l desv,normalized_variant,KNApSAcK World,,,
al_dead37adf79dabb4f45db6ca,pl_d27eabd32bf2b94c9e5bffec,Moringa oleifera Lam.,moringa oleifera lam,normalized_variant,KNApSAcK World,,,
al_b1794bb33ffa82eda553bafd,pl_d2dcf02aa491d1cb52fad1c3,Aglaia odorata Lour.,aglaia odorata lour,normalized_variant,KNApSAcK World,,,
al_c91a2d82f12b609f8e19063e,pl_d4d065613f31a28e92cd7ae9,Embelia ribes Burm.fil.,embelia ribes burm fil,normalized_variant,KNApSAcK World,,,
al_a6aa8c6a9a468b52a7906d75,pl_d580445e3b33a86a38f693fd,Parkia speciosa Hassk.,parkia speciosa hassk,normalized_variant,KNApSAcK World,,,
al_e2c39ba5f975f892a4b128f9,pl_d590bffb39a5ddfd821942c0,Sterculia foetida L.,sterculia foetida l,normalized_variant,KNApSAcK World,,,
al_1933ad3f61799689e7906f40,pl_d63cb2b820ab40a3c9196370,Elaeocarpus sphaericus (Gaertn.) Ettingsh.,elaeocarpus sphaericus gaertn ettingsh,normalized_variant,KNApSAcK World,,,
al_b86d48bd32e205d008a7204e,pl_d68d1a06bad47e2f28932f53,Gynandropsis gynandra (L.) Briq.,gynandropsis gynandra l briq,normalized_variant,KNApSAcK World,,,
al_be76d94626495893ef06aa19,pl_d6ba4d50d24ffeb345af18b9,Tridax procumbens L.,tridax procumbens l,normalized_variant,KNApSAcK World,,,
al_864f2310fa4855c7b871cc96,pl_d73841d2a834440ed1b7eb22,Rauvolfia sumatrana Jack,rauvolfia sumatrana jack,normalized_variant,KNApSAcK World,,,
al_241ca343a61addc2b4537e62,pl_d7bd56129d5b8fadf0e5fbaf,Grona styracifolia (Osbeck) H.Ohashi & K.Ohashi,grona styracifolia osbeck h ohashi k ohashi,normalized_variant,KNApSAcK World,,,
al_7f43a7bf73708d5242588933,pl_d7bd56129d5b8fadf0e5fbaf,Desmodium styracifolium (Osbeck) Merr.,desmodium styracifolium osbeck merr,synonym_variant,KNApSAcK World,,,
al_fb7c00fee8b21b14806ea7f8,pl_d7e0e8fc020c595fd671eeb8,Momordica cochinchinensis (Lour.) Spreng.,momordica cochinchinensis lour spreng,normalized_variant,KNApSAcK World,,,
al_670dccf71ad750302a3507a3,pl_d893f615345b613ffbf06aed,Magnolia champaca (L.) Baill. ex Pierre,magnolia champaca l baill ex pierre,normalized_variant,KNApSAcK World,,,
al_a4088c076e96bbad37a06d05,pl_d893f615345b613ffbf06aed,Michelia champaca L.,michelia champaca l,synonym_variant,KNApSAcK World,,,
al_09d0831674d1e8fec135955d,pl_d8966e23e45a01107882e3be,Mimosa pudica L.,mimosa pudica l,normalized_variant,KNApSAcK World,,,
al_503ab2d8dd2f51803d04a77f,pl_d8a4c8336d8a0522ab1d32e3,Neolitsea cassia (L.) Kosterm.,neolitsea cassia l kosterm,normalized_variant,KNApSAcK World,,,
al_638bf2a1cbd6e42b5d678b02,pl_d8f10a645e348c2d3ca1dfc6,Citrus ×aurantium L.,citrus aurantium l,normalized_variant,KNApSAcK World,,,
al_121e54b718ff8068a6ea16f0,pl_d93c2eed945c0be04bc466a7,Mesosphaerum suaveolens (L.) Kuntze,mesosphaerum suaveolens l kuntze,normalized_variant,KNApSAcK World,,,
al_a60c3bad8cfaf106380efb2f,pl_d93c2eed945c0be04bc466a7,Hyptis suaveolens (L.) Poit.,hyptis suaveolens l poit,synonym_variant,KNApSAcK World,,,
al_4aa02ac13662086ed9e03175,pl_d96fa84561d483a8a7094b71,Azadirachta indica A.Juss.,azadirachta indica a juss,normalized_variant,KNApSAcK World,,,
al_124c430d8a7f19c2c3bda974,pl_da015c0c85b33f2832d9bcd2,Sapindus rarak DC.,sapindus rarak dc,normalized_variant,KNApSAcK World,,,
al_0622be7485c915ad9688cad5,pl_dab5caf2de51d2e1129475de,Glycine max (L.) Merr.,glycine max l merr,normalized_variant,KNApSAcK World,,,
al_8f2846492015133ad2f82472,pl_dd9f360f62639977932c5769,Abelmoschus moschatus subsp. moschatus,abelmoschus moschatus subsp moschatus,normalized_variant,KNApSAcK World,,,
al_050dd400cc3ed909289d8292,pl_dd9f360f62639977932c5769,Hibiscus abelmoschus L.,hibiscus abelmoschus l,synonym_variant,KNApSAcK World,,,
al_2d89a769730ee4c3cf16fd12,pl_ddce83666af561e7b0146e59,Kalanchoe pinnata (Lam.) Pers.,kalanchoe pinnata lam pers,normalized_variant,KNApSAcK World,,,
al_1cbf7d3e665530ec52bad71a,pl_ddce83666af561e7b0146e59,Bryophyllum pinnatum (Lam.) Oken,bryophyllum pinnatum lam oken,synonym_variant,KNApSAcK World,,,
al_ccfdd984fe87dfaa91de1ecc,pl_de19cea722a83709552020d4,Excoecaria cochinchinensis Lour.,excoecaria cochinchinensis lour,normalized_variant,KNApSAcK World,,,
al_b0b1612f4da6ca3f6d1deeb0,pl_de50c4a0231041332ff33de9,Jatropha podagrica Hook.,jatropha podagrica hook,normalized_variant,KNApSAcK World,,,
al_0a829d56734ddc8b2435cc9c,pl_de8361430e8c1d837e24cfaf,Alternanthera sessilis (L.) R.Br. ex DC.,alternanthera sessilis l r br ex dc,normalized_variant,KNApSAcK World,,,
al_68cbb3e6844f9e8f7b88f1ed,pl_de8deabde24d5b5bf9cbf05c,Euphorbia heterophylla L.,euphorbia heterophylla l,normalized_variant,KNApSAcK World,,,
al_050b0ffce54b6334b6d049a7,pl_deb4a9280e620b0a814d8912,Hibiscus rosa-sinensis L.,hibiscus rosa sinensis l,normalized_variant,KNApSAcK World,,,
al_e23895ee6cf91d6d9647b152,pl_df1ba4e44cadeac25516776d,Allium tuberosum Rottler ex Spreng.,allium tuberosum rottler ex spreng,normalized_variant,KNApSAcK World,,,
al_3e8768585b2110b3d1fc78de,pl_df29b054fa3762ed9e5d3da3,Cinnamomum verum J.Presl,cinnamomum verum j presl,normalized_variant,KNApSAcK World,,,
al_6f506b4940c308fa0707a6f9,pl_dfa397db93e9f6f9d80ae412,Hippobroma longiflora (L.) G.Don,hippobroma longiflora l g don,normalized_variant,KNApSAcK World,,,
al_6905db50dfff53353ecd728b,pl_dfa397db93e9f6f9d80ae412,Isotoma longiflora (L.) C.Presl,isotoma longiflora l c presl,synonym_variant,KNApSAcK World,,,
al_90acd13255054649d7767598,pl_e01a90aa183d69deb2d79963,Tinospora crispa (L.) Miers ex Hook.fil. & Thomson,tinospora crispa l miers ex hook fil thomson,normalized_variant,KNApSAcK World,,,
al_076b121fc82b27aa26602fde,pl_e07bc835cb4f2acdf7de5144,Metroxylon sagu Rottb.,metroxylon sagu rottb,normalized_variant,KNApSAcK World,,,
al_dea7773f0b9c7954250f3a12,pl_e13c7ad3dbbaa10c431238ab,Eurycoma longifolia Jack,eurycoma longifolia jack,normalized_variant,KNApSAcK World,,,
al_4594e4204ac2471eb9b2ff7a,pl_e1a062a18bffa0a01a640888,"Spilanthes acmella A.Chev., 1920",spilanthes acmella a chev 1920,normalized_variant,KNApSAcK World,,,
al_b02d659b75e919e2bac3975a,pl_e22426258e2dd5a195c75ecd,Ouret lanata (L.) Kuntze,ouret lanata l kuntze,normalized_variant,KNApSAcK World,,,
al_f5ae966fce95cfcf71846032,pl_e22426258e2dd5a195c75ecd,Aerva lanata (L.) Juss. ex Schult.,aerva lanata l juss ex schult,synonym_variant,KNApSAcK World,,,
al_8693f4094282680f169a39f1,pl_e366558514d795facee1bc3a,Euphorbia pulcherrima Willd. ex Klotzsch,euphorbia pulcherrima willd ex klotzsch,normalized_variant,KNApSAcK World,,,
al_d80d6dfd554a261b2eeabbd0,pl_e398a2d579532251b1ba5922,Solanum torvum Sw.,solanum torvum sw,normalized_variant,KNApSAcK World,,,
al_1197bce099aed1ef5961411e,pl_e3bd88cf5b5cb7157dd0c6e8,Mirabilis jalapa L.,mirabilis jalapa l,normalized_variant,KNApSAcK World,,,
al_ab2d2808bfa83199aa3d278c,pl_e433c86e075771c0f9318cdf,Swietenia mahagoni (L.) Jacq.,swietenia mahagoni l jacq,normalized_variant,KNApSAcK World,,,
al_aa44b6635b859afb276ec7eb,pl_e46d82a45832069aa8da1a23,"Vetiveria zizanioides Stapf, 1906",vetiveria zizanioides stapf 1906,normalized_variant,KNApSAcK World,,,
al_3567bad1756769b13ff21997,pl_e4d242dab42012572da07325,Ophiopogon japonicus (Thunb.) Ker Gawl.,ophiopogon japonicus thunb ker gawl,normalized_variant,KNApSAcK World,,,
al_d82b6e98058127cc3911b369,pl_e54d7a4bd5870011910fd582,Casuarina equisetifolia L.,casuarina equisetifolia l,normalized_variant,KNApSAcK World,,,
al_c2938d79cbce0811acc651b8,pl_e65191ce1309767105a2098d,Biancaea sappan (L.) Tod.,biancaea sappan l tod,normalized_variant,KNApSAcK World,,,
al_ec75d9de8c6067fa8e3e5a05,pl_e65191ce1309767105a2098d,Caesalpinia sappan L.,caesalpinia sappan l,synonym_variant,KNApSAcK World,,,
al_7cc5f09212a55ed15fdd161e,pl_e7a150d76275d2d6616731d3,Glycine max subsp. soja (Siebold & Zucc.) H.Ohashi,glycine max subsp soja siebold zucc h ohashi,normalized_variant,KNApSAcK World,,,
al_a3c861dbb765833d99ad8836,pl_e7a150d76275d2d6616731d3,Glycine soja Siebold & Zucc.,glycine soja siebold zucc,synonym_variant,KNApSAcK World,,,
al_421efc49e66fa7835d2e443f,pl_e7c4b9604c5683712288bed4,Curcuma zedoaria (Christm.) Roscoe,curcuma zedoaria christm roscoe,normalized_variant,KNApSAcK World,,,
al_30bae282d0d9cbc4e5f0fd63,pl_e820a8105c3a442e29cb1d54,Aloe vera (L.) Burm.f.,aloe vera l burm f,normalized_variant,KNApSAcK World,,,
al_f98f420f2e3e9753fa8856ee,pl_e825b13cb4a901206a9b615a,Alstonia scholaris (L.) R.Br.,alstonia scholaris l r br,normalized_variant,KNApSAcK World,,,
al_8bd908cfe9e2e0a0ba2fdbec,pl_e947623f7ea41971b88ca74b,Ceiba pentandra (L.) Gaertn.,ceiba pentandra l gaertn,normalized_variant,KNApSAcK World,,,
al_fb517ada2a4a9d7f0a1b8de5,pl_eb005473a598408ac2ba0d7e,Plumeria rubra L.,plumeria rubra l,normalized_variant,KNApSAcK World,,,
al_91d370573ab9790c5ad840e8,pl_eb005473a598408ac2ba0d7e,Plumeria acutifolia Poir.,plumeria acutifolia poir,synonym_variant,KNApSAcK World,,,
al_f5c4d2f6327161f9871f454f,pl_eb82a73e746b8cb331e66f1c,Allium sativum L.,allium sativum l,normalized_variant,KNApSAcK World,,,
al_a64cfaf3cfc3599990fe081b,pl_ebad29126083f69060b53e16,Ipomoea aquatica Forssk.,ipomoea aquatica forssk,normalized_variant,KNApSAcK World,,,
al_7fb2c6a5f50e6418405ab1dc,pl_ebc7fa55cdc0d3a52204e9fb,Citrus maxima (Burm.) Merr.,citrus maxima burm merr,normalized_variant,KNApSAcK World,,,
al_8b5361f53da87fa0931c06d2,pl_ec1aa109d494c443e0bb71e5,Camellia sinensis (L.) Kuntze,camellia sinensis l kuntze,normalized_variant,KNApSAcK World,,,
al_4d3d18bde4790b5c012c85b5,pl_ec1aa109d494c443e0bb71e5,Thea sinensis L.,thea sinensis l,synonym_variant,KNApSAcK World,,,
al_38aac8454ecfea5866df832f,pl_ec498351163fc687d8f28e85,Gnetum gnemon L.,gnetum gnemon l,normalized_variant,KNApSAcK World,,,
al_ab8bb113769bb8c3cf9de1ae,pl_ec71a0ce68473cc35f566e54,Artemisia lactiflora Wall. ex DC.,artemisia lactiflora wall ex dc,normalized_variant,KNApSAcK World,,,
al_9f5e0592a78c5b243d21b9f4,pl_ec7d2ca7432a82b7cd78dc67,Impatiens balsamina L.,impatiens balsamina l,normalized_variant,KNApSAcK World,,,
al_33cf4233602204bbf4cae466,pl_ec9b18dc63bda70a503533c5,Ipomoea cairica (L.) Sweet,ipomoea cairica l sweet,normalized_variant,KNApSAcK World,,,
al_19db9eca2b1bbd1038d5a3ff,pl_ecfcec487e528792618d176a,Arachis hypogaea L.,arachis hypogaea l,normalized_variant,KNApSAcK World,,,
al_6dd030dabc11462209b64584,pl_edcb7550263a3f95df24c6a5,Drymaria cordata (L.) Willd. ex Schult.,drymaria cordata l willd ex schult,normalized_variant,KNApSAcK World,,,
al_32922424b8219ee788ca2b48,pl_ee394b71fefbc560c10a460f,Manihot esculenta Crantz,manihot esculenta crantz,normalized_variant,KNApSAcK World,,,
al_4deaf887a22908eaff518dfc,pl_ee394b71fefbc560c10a460f,Manihot utilissima Pohl,manihot utilissima pohl,synonym_variant,KNApSAcK World,,,
al_7c65cb46321c1b6db0704dfd,pl_ee3d5e31981aa01aa4a3d4ac,Glycyrrhiza glabra L.,glycyrrhiza glabra l,normalized_variant,KNApSAcK World,,,
al_2ef3fd30fc471c047fc32308,pl_eee0a97cde599d9f0524fd7d,Camellia sinensis (L.) Kuntze,camellia sinensis l kuntze,normalized_variant,KNApSAcK World,,,
al_7c0e7ff95f62a2d0613c90ea,pl_f06de6b3364daef74b7f1367,Nymphaea lotus L.,nymphaea lotus l,normalized_variant,KNApSAcK World,,,
al_734756217488a60eeed214ee,pl_f0f0f0dd7c82bcd765bde1ae,Averrhoa carambola L.,averrhoa carambola l,normalized_variant,KNApSAcK World,,,
al_a728e3a9cfe3d996025a9838,pl_f1d90768bdb54ba4f0582a47,Urena lobata L.,urena lobata l,normalized_variant,KNApSAcK World,,,
al_bc0a75b14621e38523b26715,pl_f29ca818de39ea69173d3899,Jatropha multifida L.,jatropha multifida l,normalized_variant,KNApSAcK World,,,
al_d29d6ea0a8c270fa7daa9952,pl_f2c552150432b47945798e8d,Acaciella glauca (L.) L.Rico,acaciella glauca l l rico,normalized_variant,KNApSAcK World,,,
al_f18cbd36cb67e46817f0ba86,pl_f2c552150432b47945798e8d,Leucaena glauca (L.) Benth.,leucaena glauca l benth,synonym_variant,KNApSAcK World,,,
al_3f8068d52965611dbb16c641,pl_f5a31b92897e22f9a05e7522,Oldenlandia corymbosa L.,oldenlandia corymbosa l,normalized_variant,KNApSAcK World,,,
al_dfe75356da1c1c01673a76ae,pl_f5e261a1703e8e0228dc7ea9,Euphorbia antiquorum L.,euphorbia antiquorum l,normalized_variant,KNApSAcK World,,,
al_075524f29fc3e8b537617beb,pl_f6161e3ded0d4120defd97a8,Syzygium aromaticum (L.) Merr. & L.M.Perry,syzygium aromaticum l merr l m perry,normalized_variant,KNApSAcK World,,,
al_70236fdead98d65a685935b6,pl_f62ea76ce304d542add21df9,Solidago virgaurea L.,solidago virgaurea l,normalized_variant,KNApSAcK World,,,
al_4360a6a34161607848cbbf57,pl_f69d432ff77c45aefede97c5,Sophora tomentosa L.,sophora tomentosa l,normalized_variant,KNApSAcK World,,,
al_ff78ec02f798c7fec1f34a0f,pl_f6d7b37aa7fbe126f7473c63,Macropiper methysticum (G.Forst.) Hook. & Arn.,macropiper methysticum g forst hook arn,normalized_variant,KNApSAcK World,,,
al_5a6a7369a0c4f5cf14bc5153,pl_f70d6de145b984951d843882,Phyllanthus amarus Schumach. & Thonn.,phyllanthus amarus schumach thonn,normalized_variant,KNApSAcK World,,,
al_3a1070a7ed0ebef1ba467653,pl_f73cd3a80ba4da44a75c15f6,Solanum lycopersicum L.,solanum lycopersicum l,normalized_variant,KNApSAcK World,,,
al_f04501bf81943c3c6255abf7,pl_f745a36db834c041ca1a0350,Turnera ulmifolia L.,turnera ulmifolia l,normalized_variant,KNApSAcK World,,,
al_af258135b69c4c2ebb989d7a,pl_f80dec8dd1a3f4a0685640d8,Hydrangea macrophylla (Thunb.) Ser.,hydrangea macrophylla thunb ser,normalized_variant,KNApSAcK World,,,
al_38e33f72f5ff0bb2d3ad4d8a,pl_f80f471bbfaa6aece25e68e2,Nyctanthes arbor-tristis L.,nyctanthes arbor tristis l,normalized_variant,KNApSAcK World,,,
al_15366800b14429c0f7aee1f8,pl_f81cafdc27c2216296537302,Melaleuca leucadendra (L.) L.,melaleuca leucadendra l l,normalized_variant,KNApSAcK World,,,
al_1bb49a364af4df6545389e0f,pl_f881886182d1b995104acbea,Borassus flabellifer L.,borassus flabellifer l,normalized_variant,KNApSAcK World,,,
al_5eb2de602cd94191ab4f29eb,pl_f8e5d4cbde3dad69d251356e,Ocimum tenuiflorum L.,ocimum tenuiflorum l,normalized_variant,KNApSAcK World,,,
al_4e6b91151d564a996cf61116,pl_f8e5d4cbde3dad69d251356e,Ocimum sanctum L.,ocimum sanctum l,synonym_variant,KNApSAcK World,,,
al_812bdab8882c70960d404f17,pl_f9c2b750d396a352681f2464,Garcinia dulcis (Roxb.) Kurz,garcinia dulcis roxb kurz,normalized_variant,KNApSAcK World,,,
al_6ccd177a0109e1e3ca778320,pl_f9e3f7b4c662ac0dfd714b89,Foeniculum vulgare Mill.,foeniculum vulgare mill,normalized_variant,KNApSAcK World,,,
al_858ca4107691c500edd8f2f6,pl_f9fa48479e406520fa38f33a,Euphorbia hirta L.,euphorbia hirta l,normalized_variant,KNApSAcK World,,,
al_d2b848954a86981affc1e225,pl_fa4e73cdcfd96f22ff1d782b,Euchresta horsfieldii (Lesch.) Benn.,euchresta horsfieldii lesch benn,normalized_variant,KNApSAcK World,,,
al_a49cbe9d43c43c38aeaa80ec,pl_fb0b948b635a657b836f858e,Canarium indicum L.,canarium indicum l,normalized_variant,KNApSAcK World,,,
al_042698bff7610608eab85210,pl_fc161e463bf3f5c1ef71cbc5,Senna alexandrina Mill.,senna alexandrina mill,normalized_variant,KNApSAcK World,,,
al_0555bb8d7cecbabe81b691b9,pl_fc161e463bf3f5c1ef71cbc5,Cassia senna L.,cassia senna l,synonym_variant,KNApSAcK World,,,
al_66066b8e4150756439e40152,pl_fc352678d4cd8b7c80771f89,Mentha × piperita L.,mentha piperita l,normalized_variant,KNApSAcK World,,,
al_d0111a853a925cf653e4f191,pl_fca3bc9783d323d3d41e6532,Beilschmiedia madang (Blume) Blume,beilschmiedia madang blume blume,normalized_variant,KNApSAcK World,,,
al_92f68bf4b1ba09379f7c8a48,pl_fce044a9101aa54d9d4b8b50,Strychnos nux-vomica L.,strychnos nux vomica l,normalized_variant,KNApSAcK World,,,
al_e6cd03be0aa15dbc1e2869e0,pl_fd6b7b7e1abcf03eb881cbde,Coix lacryma-jobi L.,coix lacryma jobi l,normalized_variant,KNApSAcK World,,,
al_18bd3356e93a41f23900f05c,pl_fe388c6645d5b9ded7c7197b,Ficus septica Burm.fil.,ficus septica burm fil,normalized_variant,KNApSAcK World,,,
al_e3f3223eb1ff0381b9581b00,pl_fe512f5368e596dc3615a207,Quassia amara L.,quassia amara l,normalized_variant,KNApSAcK World,,,
al_bae1ccd3cd834a99f38a2a6b,pl_ff438b98df4db6ed95292477,Scaevola taccada (Gaertn.) Roxb.,scaevola taccada gaertn roxb,normalized_variant,KNApSAcK World,,,
al_89d5a1dea92793aad183ea61,pl_ff438b98df4db6ed95292477,Scaevola frutescens K.Krause,scaevola frutescens k krause,synonym_variant,KNApSAcK World,,,
